review,rating,date,bank,source,lang_pretrained_initial,contains_emoji
"In the previous, I gave 4 ğŸŒŸ for this app based on my evaluation. This app was without biometric security and may be exposed to cheaters unexpectedly. It is solved now. You can add verification security on the setting app. But there is something problem still with verification. It must prevent logging in without correct input fingerprint.",5,2024-12-20,CBE Mobile Banking,Google Play,en,True
Two step verification update is fake (meaningless). Why because the app gives you an option of to use pin while requesting two step verification step. ğŸ” This updated app is not differ than the previous one in case of security & safegaurding users.ğŸ‘¹ğŸ‘¹ğŸ’€ğŸ’€ The other features of the app are best and easy to use it.â­ï¸â­ï¸â­ï¸â­ï¸â­ï¸,1,2025-03-06,CBE Mobile Banking,Google Play,en,True
"Sometimes it has a nasty lag for several hour fix that , the rest is ğŸ‘Œ",4,2025-05-22,CBE Mobile Banking,Google Play,en,True
"Before the new version, the app was fast and merits 4 â­. However, following the upgrade, the app is slow and takes time to reload. Apps are useless without speed, so make them work.",1,2024-12-19,CBE Mobile Banking,Google Play,en,True
I don't understand the reason why this app asks me to turn off my developer options whenever I try to log into the app ğŸ™„ This issue immediately needs to be fixed. Why would I sacrifice my phone's performance to use only this app? It's ridiculous ğŸ˜’,2,2025-01-06,CBE Mobile Banking,Google Play,en,True
"The app is unresponsive the time when the fragments are attached. It is just like shivering. Still, I can't download the transaction history instead it just toasted me can't save. Please consider all this things. But I would recommed you to use a tab layout. This is because, consider I am using latest Samsung ğŸ¤” device, how do you think that your app is running on other damn devices like techno and itel ? It is horrible.",3,2022-08-26,CBE Mobile Banking,Google Play,en,True
Weak update ! . b/c it stops when I want to set two step verification on. And it is only applicable if developer options are on. Why ??? Please tell me the reason ğŸ™,1,2024-12-31,CBE Mobile Banking,Google Play,en,True
"It only works at the first glance(only after installation and configuration). After that all the transfer options, utilities, top up doesn't work. It just say doesn't sync. Even the balance bord keeps loading and doesn't show the current balance.... Very poor experience â˜¹ï¸ğŸ˜¥.",1,2020-09-05,CBE Mobile Banking,Google Play,en,True
When I started using the app for the first time I like it. But through time it started annoying meğŸ˜  Because it doesn't update the transaction history immediately. I remember one day I transferred 17000 to another account but I can't took screenshots of transportation history. It says repository........! It needs urgent system maintenance â€¼ï¸,4,2022-09-28,CBE Mobile Banking,Google Play,en,True
fast and simple easy to use ğŸ‘Œ,5,2025-05-12,CBE Mobile Banking,Google Play,en,True
"the App is one of the BEST things to have in Ethiopia but one of major problems is shows incorrect statements and incorrect available balance, merchants and supermarkets doesn't deduct right away ğŸ˜‘ deductible may come after weeks or month, once u already forgot about it and so many things to work on. please take it seriously Thanks ğŸ˜Š",3,2022-11-16,CBE Mobile Banking,Google Play,en,True
"Before years later i used this app and is used to work in mobile data eventhough it doesn't have different features like this version but now it doesn't even sync my balance and even can't use any of the services it says "" can't sync "" and "" none available "" ğŸ˜¡ğŸ¤¬ğŸ˜¡",1,2020-12-16,CBE Mobile Banking,Google Play,en,True
"""get your verification code from your nearest branch"" ia the first amazing dialogue your face, when you try to setup your CBE App. It is a way back system that requires you to go physically. You should have sent a verification codes either via phone number or email address. You better change this analogue system to the digital one! ğŸ˜€",2,2024-07-13,CBE Mobile Banking,Google Play,en,True
Great impact but why Developer option turnoff if you fix ğŸ™ ğŸ™ ğŸ™,5,2025-05-17,CBE Mobile Banking,Google Play,en,True
"it,s good app and time manager ğŸ‘",5,2025-05-30,CBE Mobile Banking,Google Play,en,True
"Great Experience ğŸ‘ but there is o e thing that highly bother me *the password to login every time you open the app ğŸ˜’ it ask you a pin instead what I say you can make it to be a fingerprint, because putting password continously so frustrating and also not secure as somebody can see our pin Thank you ğŸ˜Š",4,2022-08-29,CBE Mobile Banking,Google Play,en,True
Convenient and safe to use! Better to show more transaction history ğŸ‘,5,2024-12-14,CBE Mobile Banking,Google Play,en,True
"It's a shame,it can't performe well,you guys can't even fix a bug, It's getting unusable, shame shame shame ğŸ˜¡",1,2025-02-28,CBE Mobile Banking,Google Play,en,True
"While Travelling, I couldn't transfer money from my account to another. I had to deleteâŒ the app and re install and then wait until they give me authorization code.... too complicated.",1,2022-11-13,CBE Mobile Banking,Google Play,en,True
the app has a bug and it keeps crashing ğŸ˜‘ please provide an update and fix the issue thank you....,3,2025-03-17,CBE Mobile Banking,Google Play,en,True
"We need more update soon! once I updated it, it authomatically stop workingğŸ˜­",1,2025-01-05,CBE Mobile Banking,Google Play,en,True
My experience with this app is very bad. I just downloaded and installed this app and I stuck with the verification code. The app requested me to input the code without sending it. ğŸ˜¢,1,2020-10-19,CBE Mobile Banking,Google Play,en,True
"How can I trust a bank that doesn't have a cyber crime reporting mechanism. I recently traveled out of the country. After a week I got a text message stating that more than 1000bir withdrawn from my account without my knowledge. When I tried to download the receipt, it doesn't even work. I only know it was transfered to a Wegagen bank account via a POS machine. Please be carefull and take a lesson from me. ğŸ˜¡ğŸ˜¡ğŸ˜¡",1,2024-09-16,CBE Mobile Banking,Google Play,en,True
"Can got 0 â­ Please ! this App is completely Scam Becouse I made payment in other bank option in the App but the APP (-) mY BALANCE BUT NO successful notification to get screen shoot, no SMS and no Transaction history and I alerdy lost my mony becous my clint also does not get the mony i sent! I pay but I didn't got mony! stey away frim CBE",1,2024-05-19,CBE Mobile Banking,Google Play,en,True
I excuted an order just once but this app has doubled it on it's own on my last order.With that I had to pay extra 100OETB unnecessarily. A bit of annoying ğŸ™„,1,2023-08-14,CBE Mobile Banking,Google Play,en,True
It is very funny and useless app. They developed the app either with lack of necessary technological knowledge or purposely to manipulate their customers. A huge shame for such kinda influential company.ğŸ‘ğŸ‘,1,2023-12-05,CBE Mobile Banking,Google Play,en,True
The New realese is just WOW every feature is very importat and mostly the verification was an important feature. Thank you CBE APP Developer teamğŸ‘,4,2024-02-14,CBE Mobile Banking,Google Play,en,True
It makes life easy!ğŸ‘Œ,5,2025-05-24,CBE Mobile Banking,Google Play,en,True
You should be boa b/c the app active by self so please ğŸ™ arrange now and for activation service l was pay 20 birr this is unfair,1,2024-12-27,CBE Mobile Banking,Google Play,en,True
it is Very Useful app ğŸ‘,5,2025-04-07,CBE Mobile Banking,Google Play,en,True
I'm lucky to have thisğŸ™ thank you CBE.,5,2025-04-01,CBE Mobile Banking,Google Play,en,True
i can't access this app without turning off the developer option mode ğŸ¤¬ğŸ‘,1,2025-01-02,CBE Mobile Banking,Google Play,en,True
Reliable & Simplified ServiceğŸ‰ğŸ’œğŸ™ğŸ™,5,2025-01-18,CBE Mobile Banking,Google Play,en,True
I gave it 5ğŸŒŸ BC this app deserves. Thank you for your services. Appreciated.,5,2025-02-19,CBE Mobile Banking,Google Play,en,True
The great app and banking system ğŸ¤©,5,2025-01-16,CBE Mobile Banking,Google Play,en,True
"I love it.it makes payment easier for me.as i don't like going to banks and wait and waste my time,i found this app very helpful and important . 5â­",5,2021-11-05,CBE Mobile Banking,Google Play,en,True
I realy hate this app it simply keep on saying that your device is rooted you can't use this ap when my device is not rooted so you better consult an android developerâœŒï¸ so one star is too much....,1,2021-06-19,CBE Mobile Banking,Google Play,en,True
This up is very good only problem is no access of seeing your balance Otherwise it is very easy to you use and its so fast just work on that above mentioned Stay blessed ğŸ™ğŸ™ğŸ™â¤ï¸,5,2022-09-03,CBE Mobile Banking,Google Play,en,True
The Updated version of the app is awesome. Really Enjoyable to got sealed Receipts with barcode.ğŸ™ğŸ™,5,2024-02-12,CBE Mobile Banking,Google Play,en,True
"Continuous updates of the app makes it easy, fast, and secure to use. I feel safe and secured to use this app. Thanks CBEğŸ™",5,2024-02-11,CBE Mobile Banking,Google Play,en,True
Good update ğŸ‘ğŸ‘ Scanning Qr code for receipt and receive money via qr code is good. But please make the CBEBirr app work easly like this it's not working on android version under 8.,5,2024-02-11,CBE Mobile Banking,Google Play,en,True
It's easy and convenient ğŸ™Œ,5,2024-12-17,CBE Mobile Banking,Google Play,en,True
"The Commercial Bank of Ethiopia (CBE) is a pillar of financial strength and stability in Ethiopia. As the largest and most established bank in the country, it fosters economic growth, promotes financial inclusion, and supports businesses of all sizes. CBEâ€™s mobile banking app enhances convenience by enabling millions to access banking services anytime, anywhere. Keep up Good workâ¤.",5,2024-11-09,CBE Mobile Banking,Google Play,en,True
it's very good ğŸ‘ app,5,2025-04-27,CBE Mobile Banking,Google Play,en,True
it's very nice ğŸ‘.,5,2025-03-30,CBE Mobile Banking,Google Play,en,True
okay ğŸ‘ but sometimes busy,1,2025-05-03,CBE Mobile Banking,Google Play,en,True
always CBE is the leading Commercial BankğŸ’ªğŸ’ªğŸ’ª,5,2025-04-18,CBE Mobile Banking,Google Play,en,True
I was looking for this application and finally succeeded. It's wonderful application to receive and send money with the speed of light. Thank you so much CBE. I wish you all CBE staffs happy new year. May this year be the year of peace and prosperity for all and everyone. HAPPY ETHIOPIAN NEW YEAR!!! #2017 E.C.ğŸ¦,5,2024-09-09,CBE Mobile Banking,Google Play,en,True
This app is loser app I ever seen.this app is it's not working in verification code.the verification code is not sending!!!ğŸ˜¡ğŸ˜¡ğŸ˜¤,1,2022-02-07,CBE Mobile Banking,Google Play,en,True
"Eventhough,this's the biggest bank in Ethiopia there is a deep problem on it's application. NO NETWORK everytime ğŸ˜”",2,2023-06-01,CBE Mobile Banking,Google Play,en,True
Well designed user interface and easy to use! Great app! Good job developers!âœ”âœ”âœ”,5,2020-09-11,CBE Mobile Banking,Google Play,en,True
That's a good app but it 's more fun if you add features like weekly report download in PDF and that's why I gave you 4â­.,4,2022-04-15,CBE Mobile Banking,Google Play,en,True
"really appreciate and useful ğŸ‘ app ..and happy if u can use more access to buy air tickets, get loans, ....etc...but honestly so glad to use this app..thanks",5,2020-09-02,CBE Mobile Banking,Google Play,en,True
This app is verry interesting app ever almost add free and when comparing with other compitant banks app this app more great it work on less data best RTOSğŸ‘ŒğŸ‘ŒğŸ‘Œ,5,2024-03-18,CBE Mobile Banking,Google Play,en,True
I really loved this app. So much easy and make my transaction's and payment's easy. Great app ğŸ‘,4,2022-01-20,CBE Mobile Banking,Google Play,en,True
"CBE Mobile banking app is very easy, simple and full of technology. I thank the innovator of this systemğŸ™ğŸ™ğŸ™ğŸ™",5,2024-05-04,CBE Mobile Banking,Google Play,en,True
I've experienced the best and simple mobile banking I ever had. The latest version is good ğŸ‘,5,2023-04-23,CBE Mobile Banking,Google Play,en,True
fast & perfect with a good new feuture. thanks & keep it upğŸ™,5,2021-08-30,CBE Mobile Banking,Google Play,en,True
This application is very useful I do like it Thank you so much Ethiopian Commercial Bank really you are the best â¤ï¸ğŸ‘ Please keep it up,5,2021-01-23,CBE Mobile Banking,Google Play,en,True
"It's not consistent. Now you can use , tomorrow you can't. Until then you don't know when's goin to be fixed ğŸ˜•",3,2023-07-03,CBE Mobile Banking,Google Play,en,True
This is a very good app that every customer should be able to be a bank for him/her selfğŸ‘ğŸ‘,5,2021-07-30,CBE Mobile Banking,Google Play,en,True
ğŸ‘‰it can not download the receipt when we transferred what is the reason? please we need the receipt so that come on to solution!,1,2024-03-30,CBE Mobile Banking,Google Play,en,True
Not wotking properly & shows payment failed but already sent z found . this is so bad for country bank appğŸ˜‚,1,2024-08-08,CBE Mobile Banking,Google Play,en,True
Great app convenient for making payments and transactions. Tnxs CBE ğŸ‘ğŸ‘ğŸ‘,5,2024-12-06,CBE Mobile Banking,Google Play,en,True
The Best appğŸ˜ğŸ˜ğŸ˜,5,2025-03-31,CBE Mobile Banking,Google Play,en,True
Why is the app malfunctioning after the update??? It was just fine before the update...ğŸ¤”ğŸ¤”ğŸ¤”ğŸ¤”ğŸ¤”ğŸ¤”ğŸ¤”ğŸ¤”ğŸ¤”ğŸ¤”,1,2024-02-11,CBE Mobile Banking,Google Play,en,True
"Fast and easy to use, simple app at all!ğŸ‘Œ",4,2024-10-13,CBE Mobile Banking,Google Play,en,True
"Much better than the previous, simple and user friendly. ğŸ‘",5,2020-08-07,CBE Mobile Banking,Google Play,en,True
Easy to use and accessable from anywhere in the world ğŸŒ,5,2022-07-31,CBE Mobile Banking,Google Play,en,True
let me get this straight you have to go to the Bank to get the verification code ? for get it I leave abroad. I am trying to activate my swift account pending for three weeks I try to call the number no body picks up .ğŸ˜¡ğŸ˜¡ğŸ˜¡,1,2021-03-15,CBE Mobile Banking,Google Play,en,True
thank you very much and we are very very happy with your serviceğŸ¥°,5,2025-01-24,CBE Mobile Banking,Google Play,en,True
Its so busy when you open the recent transaction optionğŸ‘ğŸ‘ğŸ‘ğŸ‘,1,2023-01-10,CBE Mobile Banking,Google Play,en,True
I like this app! it's easy to use and quite flexible. it's nice ğŸ‘,5,2024-11-19,CBE Mobile Banking,Google Play,en,True
am happy thank you CBEğŸ«¡,5,2025-03-30,CBE Mobile Banking,Google Play,en,True
I don't agreed what you are doing on my account regarding of commission payment of this apk. bcz I'm paying for transfer to other so why commission pyt is necessary or tell us and we can go to other banks if your users more bigger than you think ğŸ™„ Is it 5birr is balance pls diminish it,1,2024-07-05,CBE Mobile Banking,Google Play,en,True
Very good simple and easy app thank you very much Ethiopian commercial Bank ğŸ‘ğŸ‘ ğŸ§,5,2024-09-15,CBE Mobile Banking,Google Play,en,True
"Awesome and very simple to use, love itğŸ‘ğŸ½",5,2024-12-13,CBE Mobile Banking,Google Play,en,True
the pride of Ethiopian bank ğŸ¦,5,2025-05-08,CBE Mobile Banking,Google Play,en,True
It's bestğŸ‘. But it stops while changing simcard.,5,2024-02-06,CBE Mobile Banking,Google Play,en,True
Nice ğŸ‘ this is app,5,2025-02-23,CBE Mobile Banking,Google Play,en,True
this updated version is ANNOYING!! Doesn't work at all!! ğŸ˜¡ğŸ‘ºğŸ¤¬ğŸ˜¾,1,2024-05-01,CBE Mobile Banking,Google Play,en,True
Very poor application it doesn't work in all smart phonesâ˜ºï¸â˜ºï¸â˜ºï¸,1,2024-04-26,CBE Mobile Banking,Google Play,en,True
It's too smooth and easy to use versionğŸ˜,5,2024-03-12,CBE Mobile Banking,Google Play,en,True
It's Great App ğŸ’ªğŸ¼wow which i like it z mostğŸ‘ŒğŸ¼ but please add biometric authentication,5,2024-09-01,CBE Mobile Banking,Google Play,en,True
it's really frustrating ğŸ˜• it works on it's own terms ğŸ˜’,1,2024-02-15,CBE Mobile Banking,Google Play,en,True
better user interface and very fast ğŸ‘ğŸ‘,4,2020-08-17,CBE Mobile Banking,Google Play,en,True
Very slow and worst doesn't work good ğŸ™ƒ,1,2021-10-14,CBE Mobile Banking,Google Play,en,True
Good Interface and user frendly app great work cbeğŸ‘ğŸ»,4,2021-08-05,CBE Mobile Banking,Google Play,en,True
Good improvementğŸ‘ number one app with in the bank industry.,5,2023-05-18,CBE Mobile Banking,Google Play,en,True
Awesome app keep up the good work ğŸ‘,5,2021-07-22,CBE Mobile Banking,Google Play,en,True
"This app taking 10 birr for every transaction, This is not fair,ğŸ¤¬",1,2023-11-16,CBE Mobile Banking,Google Play,en,True
Really I like the new update. I rate it â˜ºï¸â˜ºï¸,5,2021-01-28,CBE Mobile Banking,Google Play,en,True
You do good on upgrading the app keep it upğŸ‘,4,2020-10-18,CBE Mobile Banking,Google Play,en,True
Thanks for service ğŸ™ and helping people's,5,2023-10-16,CBE Mobile Banking,Google Play,en,True
Nice.....it is providing services exceptionally quickly. thanks ğŸ‘‚,4,2024-04-20,CBE Mobile Banking,Google Play,en,True
Preferable and No #1 mobile banking appn!!just wow... ğŸ™,4,2024-02-11,CBE Mobile Banking,Google Play,en,True
It's easy to be used loveable appğŸ‘,5,2023-11-09,CBE Mobile Banking,Google Play,en,True
"Excellent. But, the service charge is insane ğŸ˜­",5,2023-12-26,CBE Mobile Banking,Google Play,en,True
Very nice and well designed! ğŸ™,5,2023-12-09,CBE Mobile Banking,Google Play,en,True
"Error free, user friendly best appğŸ™",4,2024-09-14,CBE Mobile Banking,Google Play,en,True
"Why is this not working on Sunday, specifically now. I'm disappointed about this. This is not expected from a large organization like CBEğŸ˜¡ğŸ˜¡",1,2023-12-03,CBE Mobile Banking,Google Play,en,True
Very good ğŸ˜Š but it have errors,3,2024-05-05,CBE Mobile Banking,Google Play,en,True
"I like it ,it is nice ğŸ‘ŒğŸ‘ŒğŸ‘Œ but in the*889# its better to be the choice in recently used rather than as it was .",5,2022-12-25,CBE Mobile Banking,Google Play,en,True
"Faster and convertible,,,,,CBE AppğŸ‘ğŸ‘",5,2024-09-23,CBE Mobile Banking,Google Play,en,True
my phone is camon 20 pro but it can't install on phone it is so bored ğŸ˜´ğŸ˜´ğŸ˜´,1,2024-03-12,CBE Mobile Banking,Google Play,en,True
Not working @ all! ğŸ˜¡ğŸ˜¡ğŸ˜¡ Older version was much more better!,1,2023-03-15,CBE Mobile Banking,Google Play,en,True
very nice ğŸ‘Œ app for android phone,5,2025-05-21,CBE Mobile Banking,Google Play,en,True
It's excellent ğŸ‘Œ app,5,2024-12-16,CBE Mobile Banking,Google Play,en,True
Better than the previous version. The update is good ğŸ‘,5,2024-03-11,CBE Mobile Banking,Google Play,en,True
"The activatin code that i got from the bank doesn't work, ğŸ˜¡",1,2020-12-31,CBE Mobile Banking,Google Play,en,True
What a nice and simple app ğŸ˜Š,5,2021-10-14,CBE Mobile Banking,Google Play,en,True
I love ğŸ’• it's easy and fast,5,2021-10-08,CBE Mobile Banking,Google Play,en,True
Very poor app ?! What the heck happened in this app ???ğŸ˜­ğŸ˜­,1,2024-02-07,CBE Mobile Banking,Google Play,en,True
This app doesn't run on rooted devices ğŸ˜¥,4,2024-02-13,CBE Mobile Banking,Google Play,en,True
Dear cbe this app is not comparable with 21century and pls try to solve it.ğŸ’€ğŸ’€ğŸ’€,1,2025-04-01,CBE Mobile Banking,Google Play,en,True
Nice app new pls dear make it perfect ğŸ¥°,5,2023-10-29,CBE Mobile Banking,Google Play,en,True
it's a good application ğŸ‘,5,2025-05-21,CBE Mobile Banking,Google Play,en,True
Easy and fast ğŸ‘Œ,5,2024-02-28,CBE Mobile Banking,Google Play,en,True
a very nice app.ğŸ‘ğŸ‘ğŸ‘,5,2025-04-01,CBE Mobile Banking,Google Play,en,True
you must added dark mode options â—,3,2025-03-25,CBE Mobile Banking,Google Play,en,True
It is easiest app i ever seen ğŸ¤·â€â™‚ï¸ğŸ¤·â€â™‚ï¸,5,2022-12-27,CBE Mobile Banking,Google Play,en,True
It is very nice and professional ğŸ‘Œ,5,2022-02-12,CBE Mobile Banking,Google Play,en,True
Great Mobile Banking Apps from great bankğŸ’ğŸ’ğŸ’ğŸ’ğŸ’ğŸ’ğŸ’ğŸ’,5,2023-06-16,CBE Mobile Banking,Google Play,en,True
That is good bank but there is something wrong ğŸ˜•,2,2023-03-04,CBE Mobile Banking,Google Play,en,True
"best, simple, efficient ...... ğŸ‘ğŸ‘ğŸ‘ğŸ‘ğŸ‘ğŸ‘",5,2023-09-09,CBE Mobile Banking,Google Play,en,True
Sometimes it's too annoying ğŸ™„.,4,2022-02-05,CBE Mobile Banking,Google Play,en,True
They are giving good servicesâ¤,5,2023-11-06,CBE Mobile Banking,Google Play,en,True
Home page Loading for 5 min on 4G net are you kidding meğŸ˜¬ğŸ˜¬,1,2021-01-02,CBE Mobile Banking,Google Play,en,True
The best way to get rid of my life thank you so much â¤ï¸,5,2023-12-22,CBE Mobile Banking,Google Play,en,True
why why u remove screen shootğŸ˜¡ğŸ˜¡,2,2025-03-26,CBE Mobile Banking,Google Play,en,True
It's the best app comper another local banks ğŸ™ğŸ™Tnks cbe developers,5,2023-10-25,CBE Mobile Banking,Google Play,en,True
ITS So easy and fast âœ”âœ”âœ”âœ”âœ”âœ”âœ”,5,2024-08-10,CBE Mobile Banking,Google Play,en,True
One of the fastest mobile banking app in Ethiopia thank you CBE ğŸ™,5,2024-04-20,CBE Mobile Banking,Google Play,en,True
The best app ğŸ‘Œ I love it easy to use,5,2022-02-18,CBE Mobile Banking,Google Play,en,True
It's good app and upgrade day to day thanks i given five star okay â¤ï¸,5,2023-10-30,CBE Mobile Banking,Google Play,en,True
The most comfortable app... fast booom ğŸ¥°ğŸ¥°,5,2024-01-07,CBE Mobile Banking,Google Play,en,True
I LIKED THIS APP ğŸ˜ŠMAY IT WILL NEW UPDATIONS SOON THANKSğŸ˜Š,5,2023-01-29,CBE Mobile Banking,Google Play,en,True
Wow amazing app for all!â¤ï¸,5,2023-11-25,CBE Mobile Banking,Google Play,en,True
For me it was really comfortable ğŸ˜Œ,5,2022-02-12,CBE Mobile Banking,Google Play,en,True
This one of the best app for my money ğŸ˜œ,5,2022-08-05,CBE Mobile Banking,Google Play,en,True
Very nice application ğŸ‘.,5,2021-02-08,CBE Mobile Banking,Google Play,en,True
Not working my application 20 days olmost I'm not in ethiophia now ğŸ˜¢,1,2024-01-06,CBE Mobile Banking,Google Play,en,True
Fast and good appğŸ™,3,2024-02-24,CBE Mobile Banking,Google Play,en,True
worst app I didn't even see my latest statement ğŸ˜’,1,2023-11-14,CBE Mobile Banking,Google Play,en,True
Nice App!! keep going ğŸ‘,5,2023-02-04,CBE Mobile Banking,Google Play,en,True
the latest update was bestâ¤â¤,5,2024-02-15,CBE Mobile Banking,Google Play,en,True
"Please improve your transferring systems , ??ğŸ‘",4,2022-03-07,CBE Mobile Banking,Google Play,en,True
This is very good app ğŸ‘ ğŸ‘Œ ğŸ‘,5,2021-12-13,CBE Mobile Banking,Google Play,en,True
The app. doesnt workğŸ™„ğŸ™„Smh,1,2021-05-18,CBE Mobile Banking,Google Play,en,True
Better view but less performance Why?ğŸ™„,3,2021-01-06,CBE Mobile Banking,Google Play,en,True
The best way..i like it#1ğŸ‘,5,2024-09-26,CBE Mobile Banking,Google Play,en,True
really it's good appğŸ¥°ğŸ¥°ğŸ¥°,5,2023-08-02,CBE Mobile Banking,Google Play,en,True
"áˆµáŒá‰¥áŒá‰¥ , Unfair (Tele + CBE )ğŸ˜«",2,2024-11-23,CBE Mobile Banking,Google Play,en,True
I really love this App It's amazing ğŸ™,5,2024-11-11,CBE Mobile Banking,Google Play,en,True
This app is so strongğŸ’ª,2,2024-10-07,CBE Mobile Banking,Google Play,en,True
Such a great appğŸ˜˜,5,2024-10-16,CBE Mobile Banking,Google Play,en,True
I really don't like it ğŸ˜•,1,2024-02-25,CBE Mobile Banking,Google Play,en,True
I'm satisfied with this app.â¤â¤,5,2024-04-30,CBE Mobile Banking,Google Play,en,True
That's is really good ğŸ‘ I like CBE,5,2024-08-08,CBE Mobile Banking,Google Play,en,True
"Dark mode âŒ, why? ğŸ§",2,2024-01-30,CBE Mobile Banking,Google Play,en,True
Please Add A dark themeğŸ˜­ğŸ˜­,1,2025-01-06,CBE Mobile Banking,Google Play,en,True
Wonderful App. Thank youğŸ‘,5,2023-06-06,CBE Mobile Banking,Google Play,en,True
Smart app I love it ğŸ‘,5,2024-02-09,CBE Mobile Banking,Google Play,en,True
Good & Perfect ğŸ‘Œ,5,2024-12-06,CBE Mobile Banking,Google Play,en,True
Smart app Thanks ğŸ‘ğŸ‘ğŸ‘,5,2022-05-16,CBE Mobile Banking,Google Play,en,True
I like this app doing great ğŸ¤™,4,2023-04-05,CBE Mobile Banking,Google Play,en,True
Its very nice!ğŸ‘Œ,5,2020-06-26,CBE Mobile Banking,Google Play,en,True
I love â¤ï¸ ğŸ˜ ğŸ’– â£ï¸ ğŸ’•,5,2025-01-21,CBE Mobile Banking,Google Play,en,True
It's not bad ğŸ‘,2,2025-02-10,CBE Mobile Banking,Google Play,en,True
Best Appi forever â™¾ï¸,5,2023-08-29,CBE Mobile Banking,Google Play,en,True
This app is awesome ğŸ‘,5,2023-03-05,CBE Mobile Banking,Google Play,en,True
No commente keep working ğŸ‘,5,2022-10-27,CBE Mobile Banking,Google Play,en,True
Wow good work ğŸ¤,4,2023-12-13,CBE Mobile Banking,Google Play,en,True
It's really nice ğŸ‘,5,2023-10-07,CBE Mobile Banking,Google Play,en,True
ğŸ‘good Job's,5,2024-02-15,CBE Mobile Banking,Google Play,en,True
How can I get verification Code lolğŸ¤”?,3,2021-08-16,CBE Mobile Banking,Google Play,en,True
A very cool appğŸ‘ğŸ½ğŸ‘ğŸ½ğŸ‘ğŸ½,5,2023-03-08,CBE Mobile Banking,Google Play,en,True
I like it !ğŸ¥°,5,2023-10-17,CBE Mobile Banking,Google Play,en,True
That was good appğŸ˜,5,2024-10-13,CBE Mobile Banking,Google Play,en,True
Very nice app ğŸ‘Œ,5,2021-10-06,CBE Mobile Banking,Google Play,en,True
I can't change my pin.ğŸ˜¢,4,2024-08-10,CBE Mobile Banking,Google Play,en,True
I hate this app ğŸ˜’,1,2025-05-22,CBE Mobile Banking,Google Play,en,True
Worst app in the world ğŸŒ,1,2024-01-03,CBE Mobile Banking,Google Play,en,True
I love the app ğŸ¤©,4,2023-11-03,CBE Mobile Banking,Google Play,en,True
This bank is one of worst bank stealing poor peoples money ğŸ˜­,1,2024-12-17,CBE Mobile Banking,Google Play,en,True
"If It fails, you become the richest person over night. ğŸ˜Š",5,2024-05-30,CBE Mobile Banking,Google Play,en,True
Good luck tanks ğŸ˜,5,2024-11-02,CBE Mobile Banking,Google Play,en,True
This app sometimes ğŸ›‘,1,2024-09-26,CBE Mobile Banking,Google Play,en,True
So far soooo good ğŸ‘,5,2021-06-25,CBE Mobile Banking,Google Play,en,True
This app worse ğŸ˜­,1,2024-03-09,CBE Mobile Banking,Google Play,en,True
the best oneâ¤,5,2024-07-04,CBE Mobile Banking,Google Play,en,True
Worst app everğŸ¤®ğŸ¤®,1,2023-07-28,CBE Mobile Banking,Google Play,en,True
My Favorite Bankâ¤,5,2023-09-28,CBE Mobile Banking,Google Play,en,True
It the best one ğŸ’¯,5,2023-12-01,CBE Mobile Banking,Google Play,en,True
Wow Ethio Tele ğŸ¤¯ğŸ¤£ğŸ¤£ğŸ¤£ğŸ¤£,3,2024-10-11,CBE Mobile Banking,Google Play,en,True
It deserves 5 ğŸŒŸ now.,5,2020-09-18,CBE Mobile Banking,Google Play,en,True
I am proud ğŸ‘,5,2023-07-30,CBE Mobile Banking,Google Play,en,True
Wow this App ğŸ‘ ğŸ‘Œ,5,2024-06-15,CBE Mobile Banking,Google Play,en,True
Ow ğŸ¤ğŸ¤ğŸ¤ cbe app mobanking,4,2024-08-02,CBE Mobile Banking,Google Play,en,True
ExcellentğŸ™app,5,2025-04-01,CBE Mobile Banking,Google Play,en,True
very nice ğŸ‘,5,2025-05-23,CBE Mobile Banking,Google Play,en,True
amazingğŸ‘ŒğŸ«¶ğŸ™,5,2025-03-21,CBE Mobile Banking,Google Play,en,True
very good ğŸ‘ ğŸ‘,5,2025-03-31,CBE Mobile Banking,Google Play,en,True
nice app ğŸ‘Œ,5,2025-04-12,CBE Mobile Banking,Google Play,en,True
Good jobğŸ‘,5,2025-05-14,CBE Mobile Banking,Google Play,en,True
cool â¤,4,2025-04-04,CBE Mobile Banking,Google Play,en,True
good ğŸ‘,4,2025-05-21,CBE Mobile Banking,Google Play,en,True
Good ğŸ”¥,5,2025-04-14,CBE Mobile Banking,Google Play,en,True
Ronaldo ğŸ‡µğŸ‡¹ ğŸ¥‡,5,2025-05-25,CBE Mobile Banking,Google Play,en,True
ğŸ¤¬ğŸ¤¬ğŸ¤¬ğŸ¤¬ network ğŸ›œ,1,2025-05-26,CBE Mobile Banking,Google Play,en,True
okay ğŸ‘ŒğŸ‘,5,2025-03-24,CBE Mobile Banking,Google Play,en,True
Bad security ğŸ”“,2,2025-02-28,CBE Mobile Banking,Google Play,en,True
So good ğŸ‘ ğŸ‘,5,2025-02-09,CBE Mobile Banking,Google Play,en,True
This appğŸ˜,5,2025-02-26,CBE Mobile Banking,Google Play,en,True
Very good ğŸ˜Š,3,2025-02-14,CBE Mobile Banking,Google Play,en,True
Smart appâ¤ï¸,5,2025-01-10,CBE Mobile Banking,Google Play,en,True
ğŸ™ğŸ™ğŸ™,4,2025-01-03,CBE Mobile Banking,Google Play,en,True
ğŸ™ğŸ™,5,2024-12-31,CBE Mobile Banking,Google Play,en,True
Nice ğŸ‘ app ğŸ’¯ ğŸ™,5,2024-12-26,CBE Mobile Banking,Google Play,en,True
Very good ğŸ‘,4,2024-03-30,CBE Mobile Banking,Google Play,en,True
Nice business ğŸ˜œ,3,2024-02-26,CBE Mobile Banking,Google Play,en,True
Transaction problems ğŸ˜”,1,2024-09-06,CBE Mobile Banking,Google Play,en,True
Wow ğŸ‘Œ great ğŸ‘,5,2024-09-08,CBE Mobile Banking,Google Play,en,True
Best app ğŸ¤™,5,2024-09-22,CBE Mobile Banking,Google Play,en,True
Best appğŸ‘,5,2024-02-27,CBE Mobile Banking,Google Play,en,True
Good ğŸ‘,3,2024-08-06,CBE Mobile Banking,Google Play,en,True
Awesome ğŸ˜,5,2024-02-11,CBE Mobile Banking,Google Play,en,True
Best ğŸ‘Œ,5,2024-04-14,CBE Mobile Banking,Google Play,en,True
Great ğŸ‘Œ,5,2024-05-17,CBE Mobile Banking,Google Play,en,True
very goodğŸ‘ğŸ¾ğŸ‘ğŸ¾ğŸ‘ğŸ¾ğŸ‘ğŸ¾ğŸ‘ğŸ¾ğŸ‘ğŸ¾ğŸ‘ğŸ¾ğŸ‘ğŸ¾ğŸ‘ğŸ¾,5,2024-05-21,CBE Mobile Banking,Google Play,en,True
So ğŸ‘ğŸ˜cooling,5,2024-02-12,CBE Mobile Banking,Google Play,en,True
"This app is a joke. It crashes more than it works, takes forever to load, and half the features are just decorative at this point. Canâ€™t log in, canâ€™t transfer money, canâ€™t even check my balance without it bugging out. To the developer: Are you actually trying to make this work, or is this some kind of social experiment to test our patience? Did you build this in your sleep? Because it definitely looks like it. If this is your idea of a functional app, maybe consider a different career pathğŸ™",1,2025-05-21,Bank of Abyssinia,Google Play,en,True
What's wrong with App. this days? it doesn't working properly. 1) it's VERY SLOW & doesn't open. it's very Annoying. 2) most of the time it says repeatedly Please try it again or try it later but again and again it doesn't open or work. 3) repeatedly it says something went wrong then it off the screen. I've updated the App. when it needed but nothing changed. ğŸ‘‰PLEASE if it has some issues with the App. Please fix it otherwise I'm going to uninstall it.,2,2024-05-08,Bank of Abyssinia,Google Play,en,True
"Be careful of using this app to transfer large sums of money. Recently I can't top up my mobile card, can't pay tickets, can't transfer money to Telebirr. The *815# works but what's the use of an app if we're using USSD. It will refund your mobile top up days after failing to top up but I wouldn't want to risk that. I'm a big fan of BoA but I wouldn't recommend this app. ğŸ‘",1,2024-05-15,Bank of Abyssinia,Google Play,en,True
liking this application good ğŸ‘,5,2025-05-07,Bank of Abyssinia,Google Play,en,True
"Pretty good for a banking app, it still lacks some things with in the ui and with the speed of the app but overall it's a good application. Thank you 5/5ğŸ‘ğŸ»",5,2024-07-09,Bank of Abyssinia,Google Play,en,True
No feature works correctly. Its always buffering and needs probably high data. So its useless ğŸ˜ğŸ˜ğŸ˜,2,2024-04-30,Bank of Abyssinia,Google Play,en,True
"Stop telling me what to do with my phone, BOA. Why does your newly updated app keep asking me to disable the developer options? Iâ€™m not slowing down my phone just to use your God damn app. ğŸ¤®ğŸ¤®ğŸ¤®ğŸ¤®",1,2024-10-04,Bank of Abyssinia,Google Play,en,True
I don't know why but your apps start out great then all of a sudden don't workğŸ¤·â€â™€ï¸,1,2024-11-28,Bank of Abyssinia,Google Play,en,True
"Take some note from CBE mobile banking app, it's the best banking app currently take some note and improve ur app . Sometimes u have to learn from the bests ğŸ™Œ",1,2024-08-03,Bank of Abyssinia,Google Play,en,True
This app isn't working well on Tecno phone ğŸ“±. what is the error??,1,2024-04-29,Bank of Abyssinia,Google Play,en,True
Always there a problem with this app it says check your connection while connected ğŸ˜,1,2024-03-09,Bank of Abyssinia,Google Play,en,True
UGH ğŸ¤®ğŸ¤®ğŸ¤® they are super calculative when it CM 2 Mobile-banking or any online stuff. If ur degital!! better chose other bank.,1,2024-05-09,Bank of Abyssinia,Google Play,en,True
More interactive and easy to use mobile appğŸ‘Œ,5,2024-02-29,Bank of Abyssinia,Google Play,en,True
I can't believe that Abyssinia develop this kind of trash app it have a lot of issues ğŸ‘ğŸ‘ğŸ‘,1,2024-07-13,Bank of Abyssinia,Google Play,en,True
It's easy used to operate program and secured ğŸ‘ğŸ‘,4,2024-09-25,Bank of Abyssinia,Google Play,en,True
It is the worst app that I have ever downloaded. It crushes every time I log in ğŸ‘ ğŸ‘ ğŸ‘ ğŸ‘ ğŸ‘ ğŸ‘ ğŸ‘ ğŸ‘ ğŸ‘ ğŸ‘ ğŸ‘ ğŸ‘ ğŸ‘ ğŸ‘,1,2024-02-14,Bank of Abyssinia,Google Play,en,True
all the time updated but im not satisfy by boa mobile bancking ğŸ˜¡ğŸ˜¡ğŸ˜¡,1,2024-05-02,Bank of Abyssinia,Google Play,en,True
This app is going to the worest boa app everğŸ˜¡ It crushes every time login.,1,2024-05-02,Bank of Abyssinia,Google Play,en,True
Is it necessary to switch off developer options every time to use mobile banking?ğŸ¤”ğŸ¤”ğŸ˜¡ğŸ˜¡ğŸ˜¡,1,2024-08-04,Bank of Abyssinia,Google Play,en,True
It doesn't work on my 2 devices A05 and A34 ğŸ˜¡,1,2024-12-02,Bank of Abyssinia,Google Play,en,True
Plz fix the Apps ....screenshot lovation hide from glarey share botten not workğŸ˜”ğŸ˜”,1,2024-08-30,Bank of Abyssinia,Google Play,en,True
How to download or screenshot of payment receipt...what kinda worst app ever ğŸ¤®ğŸ¤®ğŸ¤¢,1,2024-09-11,Bank of Abyssinia,Google Play,en,True
"I am Aimohon Joel , It's can be Good for a Better Conversation in Time ğŸ™‚",3,2024-09-14,Bank of Abyssinia,Google Play,en,True
The Bank I always love ğŸ˜˜ and work with them is priceless,5,2024-04-24,Bank of Abyssinia,Google Play,en,True
Your system is the worst you should do betterğŸ˜¡ğŸ˜¡ğŸ˜¡ğŸ˜¡ğŸ˜¡ğŸ˜¡,2,2024-12-11,Bank of Abyssinia,Google Play,en,True
Just make it work pleaseğŸ¤£ this is embarrassing for a bank of your size,1,2024-10-04,Bank of Abyssinia,Google Play,en,True
Mostly not working ğŸ˜‘,1,2024-08-14,Bank of Abyssinia,Google Play,en,True
Now am confused upgrade or downgrade ğŸ¤”,1,2024-04-17,Bank of Abyssinia,Google Play,en,True
FIX YOUR Apollo!! You guys where the best ğŸ‘Œ,1,2024-07-23,Bank of Abyssinia,Google Play,en,True
It doesn't work ğŸ˜”,1,2024-05-07,Bank of Abyssinia,Google Play,en,True
It is Good to save time ğŸ‘ŒğŸ‘Œ,3,2024-05-31,Bank of Abyssinia,Google Play,en,True
this is so disappointing app ğŸ˜,1,2024-07-31,Bank of Abyssinia,Google Play,en,True
The worest MB app ever!!ğŸ™„,1,2024-09-02,Bank of Abyssinia,Google Play,en,True
ğŸ¤” it stucks at 79%,1,2024-01-30,Bank of Abyssinia,Google Play,en,True
Worse mobile banking ever ğŸ‘ğŸ‘,1,2024-03-29,Bank of Abyssinia,Google Play,en,True
Yegema app tishğŸª¨,1,2024-09-08,Bank of Abyssinia,Google Play,en,True
it's really good ğŸ‘,5,2025-04-23,Bank of Abyssinia,Google Play,en,True
ğŸ˜ğŸ˜ğŸ˜ğŸ˜,1,2024-07-16,Bank of Abyssinia,Google Play,en,True
ğŸ‘ğŸ‘ğŸ‘ğŸ‘ğŸ‘ğŸ‘ğŸ‘ğŸ‘ğŸ‘,1,2024-08-06,Bank of Abyssinia,Google Play,en,True
ğŸ¥°ğŸ¥°ğŸ¥°ğŸ¥°ğŸ¥°,5,2024-05-23,Bank of Abyssinia,Google Play,en,True
Not working ğŸ˜•,1,2024-05-03,Bank of Abyssinia,Google Play,en,True
Best applicationğŸ‘Thank you ! Abyssinia bank.,5,2024-01-12,Bank of Abyssinia,Google Play,en,True
"Nice to meet you my proud bank in Ethiopia.. I'm a member of this bank, i need to solve my problem of international receiving money for me from my online digital working service's over the world please? I'm working a lot of international money.But i can't get direct in Ethiopia because of don't knowing the legal ways of getting money in Ethiopia please can I get and direct deposit with BoA please ğŸ™ğŸ™ğŸ™?",5,2024-10-18,Bank of Abyssinia,Google Play,en,True
the bank you always accepted Bank of Abyssinia worldwide cyber bank of Ethiopia â­ï¸â­ï¸â­ï¸â­ï¸â­ï¸,5,2024-01-28,Bank of Abyssinia,Google Play,en,True
Awesome ğŸ‘Œ,5,2024-08-12,Bank of Abyssinia,Google Play,en,True
Great ğŸ‘,5,2025-01-04,Bank of Abyssinia,Google Play,en,True
"I have an incredible experience with Dashen super app, what an amazing platform is it?. keep pioneering in technological advancement ğŸ‘ğŸ‘ğŸ‘",5,2025-04-21,Dashen Bank,Google Play,en,True
Excellent banking app for all your needs! Who needs a physical branch when you can use Dashen Bank Super App Instead! I've never had an issue with anything that Dashen Bank Super App haven't handled swiftly and resolved to my satisfaction and above I don't often write reviews but this is an app/bank that I would highly recommended to everyone ğŸ’¯ ğŸ‘ŒğŸ‘,5,2025-01-22,Dashen Bank,Google Play,en,True
I wanted to share some concerns about your Supper App. It appears to be experiencing reliability issues and isnâ€™t performing as expected. I hope this can be addressed soon to improve the user experience. One star ğŸŒŸ for now.,1,2025-03-19,Dashen Bank,Google Play,en,True
"The Dashen supperapp is a revolutionary advancement in digital banking, combining exceptional usability, an intuitive interface and a seamless user experience. among its standout features are the integration of QR codes, account statement, transaction advise, chat, transaction authentication for limit thresholds, budgeting and different app in a single dashboard. Truly ahead of the curve ..... keep up the excellent work ğŸ¤ğŸ‘",5,2025-04-21,Dashen Bank,Google Play,en,True
The app is very backward and doesn't always work. If it works three hours out of 24 hours it's great!ğŸ˜¥,1,2025-04-14,Dashen Bank,Google Play,en,True
All in One âœï¸secure âœï¸reliable âœï¸convenient. Digital banking game changer!!,5,2025-04-23,Dashen Bank,Google Play,en,True
"#dashen super app is easy to use, secure & fast transactionğŸ˜",5,2025-04-22,Dashen Bank,Google Play,en,True
So far so good! their in person customer service is amazing ğŸ‘,5,2025-04-14,Dashen Bank,Google Play,en,True
Applause ğŸ‘ Dashen Bank. One of the best super app inorder to pay easily and securely. One step a head.,5,2025-01-14,Dashen Bank,Google Play,en,True
"Simple, Fast and Easy â­â­â­ğŸ‰",4,2025-02-10,Dashen Bank,Google Play,en,True
"All in one, that is it ğŸ‘Œ",5,2025-04-21,Dashen Bank,Google Play,en,True
Better Move to catch the competition upğŸ‘,5,2025-01-16,Dashen Bank,Google Play,en,True
Excellent UI/UX and beyond Banking servicesğŸ‘ğŸ‘,5,2025-01-30,Dashen Bank,Google Play,en,True
"Good actually , but it have to WORK when developer option is on ğŸ™",5,2025-04-21,Dashen Bank,Google Play,en,True
why dashen bank workers hidden my ATM Card ğŸ§?it's a big problem to me,5,2025-04-04,Dashen Bank,Google Play,en,True
Wow Dashen Super App ğŸš€ğŸš€,5,2025-01-14,Dashen Bank,Google Play,en,True
Wly Super App ilove it â¤ï¸ ğŸ˜ ğŸ’– ğŸ’•,5,2025-01-18,Dashen Bank,Google Play,en,True
Proud to be dashen family . Shout out to the serial entrepreneur ğŸ‘,5,2025-01-16,Dashen Bank,Google Play,en,True
It's Best waww ğŸ™,5,2025-01-13,Dashen Bank,Google Play,en,True
super ğŸ˜,5,2025-05-13,Dashen Bank,Google Play,en,True
Is really ğŸ’€,2,2025-04-08,Dashen Bank,Google Play,en,True
Wonderful Application ğŸ˜,5,2025-02-05,Dashen Bank,Google Play,en,True
Amazing app ğŸ‘ ğŸ‘Œ Dashen bank one step a head,5,2025-01-15,Dashen Bank,Google Play,en,True
First ATM in East africa â­ï¸â­ï¸â­ï¸â­ï¸â­ï¸,5,2025-01-16,Dashen Bank,Google Play,en,True
Amizing Application ğŸ˜,5,2025-01-22,Dashen Bank,Google Play,en,True
V good â—ï¸,5,2025-01-24,Dashen Bank,Google Play,en,True
