review,rating,date,bank,source
Amazing,5,2024-02-09,Bank of Abyssinia,Google Play
Amazing,4,2025-02-26,CBE Mobile Banking,Google Play
Amazing,5,2024-09-19,Bank of Abyssinia,Google Play
Amazing,5,2024-05-05,CBE Mobile Banking,Google Play
Amazing,5,2024-05-22,CBE Mobile Banking,Google Play
Amazing,5,2025-01-20,Dashen Bank,Google Play
Amazing,5,2024-06-25,CBE Mobile Banking,Google Play
Amazing app,5,2025-03-31,CBE Mobile Banking,Google Play
Amazing app,5,2024-07-21,CBE Mobile Banking,Google Play
Ayseram,1,2024-04-21,Bank of Abyssinia,Google Play
Ayseram,1,2024-05-28,Bank of Abyssinia,Google Play
BOA,5,2024-05-18,Bank of Abyssinia,Google Play
BOA,5,2024-10-11,Bank of Abyssinia,Google Play
Bad,1,2024-09-04,CBE Mobile Banking,Google Play
Bad,1,2025-01-31,CBE Mobile Banking,Google Play
Bad,1,2024-02-04,Bank of Abyssinia,Google Play
Bad,1,2024-10-10,Bank of Abyssinia,Google Play
Best,4,2024-04-30,Bank of Abyssinia,Google Play
Best,5,2024-02-29,CBE Mobile Banking,Google Play
Best,5,2024-05-20,Bank of Abyssinia,Google Play
Best,5,2025-05-26,CBE Mobile Banking,Google Play
Best,5,2024-04-29,CBE Mobile Banking,Google Play
Best,5,2024-10-19,CBE Mobile Banking,Google Play
Best,5,2024-10-26,CBE Mobile Banking,Google Play
Best,5,2024-03-17,CBE Mobile Banking,Google Play
Best,5,2024-02-24,CBE Mobile Banking,Google Play
Best,5,2024-07-01,Bank of Abyssinia,Google Play
Best,5,2024-12-21,CBE Mobile Banking,Google Play
Best,5,2024-03-05,CBE Mobile Banking,Google Play
Best,5,2024-02-17,CBE Mobile Banking,Google Play
Best,5,2024-03-17,CBE Mobile Banking,Google Play
Best,5,2024-05-18,Bank of Abyssinia,Google Play
Best,5,2024-09-21,CBE Mobile Banking,Google Play
Best,5,2024-04-20,CBE Mobile Banking,Google Play
Best,5,2024-01-16,Bank of Abyssinia,Google Play
Best,5,2024-09-23,CBE Mobile Banking,Google Play
Best,5,2024-12-10,CBE Mobile Banking,Google Play
Best,2,2025-04-19,Bank of Abyssinia,Google Play
Best,5,2025-04-10,Bank of Abyssinia,Google Play
Best,5,2024-11-25,Bank of Abyssinia,Google Play
Best,5,2025-01-14,Bank of Abyssinia,Google Play
Best,5,2025-01-01,Bank of Abyssinia,Google Play
Best,5,2024-04-24,Bank of Abyssinia,Google Play
Best,5,2024-02-26,CBE Mobile Banking,Google Play
Best,5,2024-03-27,CBE Mobile Banking,Google Play
Best,1,2024-08-16,CBE Mobile Banking,Google Play
Best,5,2024-04-24,Bank of Abyssinia,Google Play
Best,5,2025-01-13,Dashen Bank,Google Play
Best,5,2025-01-14,Dashen Bank,Google Play
Best,5,2025-01-29,Dashen Bank,Google Play
Best,1,2024-09-27,CBE Mobile Banking,Google Play
Best,5,2025-01-05,CBE Mobile Banking,Google Play
Best,5,2025-01-16,CBE Mobile Banking,Google Play
Best,5,2025-01-18,CBE Mobile Banking,Google Play
Best,5,2024-09-18,CBE Mobile Banking,Google Play
Best,5,2025-03-20,Dashen Bank,Google Play
Best,4,2025-01-01,CBE Mobile Banking,Google Play
Best,5,2024-09-20,CBE Mobile Banking,Google Play
Best,5,2025-01-27,CBE Mobile Banking,Google Play
Best,5,2024-02-24,CBE Mobile Banking,Google Play
Best,5,2024-07-02,CBE Mobile Banking,Google Play
Best,5,2024-05-04,CBE Mobile Banking,Google Play
Best,5,2025-02-07,CBE Mobile Banking,Google Play
Best,5,2024-05-05,Bank of Abyssinia,Google Play
Best,1,2025-01-05,CBE Mobile Banking,Google Play
Best,5,2024-09-07,CBE Mobile Banking,Google Play
Best App,5,2025-05-02,Dashen Bank,Google Play
Best App,5,2025-03-03,CBE Mobile Banking,Google Play
Best App,5,2024-06-06,CBE Mobile Banking,Google Play
Best app,5,2024-04-26,Bank of Abyssinia,Google Play
Best app,3,2024-02-13,CBE Mobile Banking,Google Play
Best app,5,2025-03-06,CBE Mobile Banking,Google Play
Best app,5,2025-01-01,CBE Mobile Banking,Google Play
Best app,5,2024-08-18,Bank of Abyssinia,Google Play
Best app,4,2024-08-09,CBE Mobile Banking,Google Play
Best app,5,2024-08-11,Bank of Abyssinia,Google Play
Best app,5,2024-02-14,CBE Mobile Banking,Google Play
Best app,5,2024-10-17,CBE Mobile Banking,Google Play
Best app,5,2024-04-20,CBE Mobile Banking,Google Play
Best app,5,2025-03-17,Bank of Abyssinia,Google Play
Best app,5,2024-02-11,CBE Mobile Banking,Google Play
Best app,5,2024-04-05,CBE Mobile Banking,Google Play
Best app,5,2025-05-09,Bank of Abyssinia,Google Play
Best app,5,2024-07-12,CBE Mobile Banking,Google Play
Best app,5,2025-03-28,CBE Mobile Banking,Google Play
Best app,5,2025-01-03,CBE Mobile Banking,Google Play
Best app,5,2024-05-01,CBE Mobile Banking,Google Play
Best app,5,2024-02-22,CBE Mobile Banking,Google Play
Best app,5,2024-12-20,CBE Mobile Banking,Google Play
Best app,5,2024-09-19,CBE Mobile Banking,Google Play
Best app,5,2024-04-21,CBE Mobile Banking,Google Play
Best app,5,2024-02-16,Bank of Abyssinia,Google Play
Best app,5,2025-01-15,Dashen Bank,Google Play
Best app,5,2025-02-04,Dashen Bank,Google Play
Best app,5,2024-02-16,Bank of Abyssinia,Google Play
Best app ever,5,2022-11-06,CBE Mobile Banking,Google Play
Best app ever,5,2022-11-03,CBE Mobile Banking,Google Play
Best app ever,5,2023-12-13,CBE Mobile Banking,Google Play
Best application,5,2025-01-29,CBE Mobile Banking,Google Play
Best application,5,2024-07-04,CBE Mobile Banking,Google Play
Best application,5,2025-01-26,CBE Mobile Banking,Google Play
Best application,4,2024-11-01,CBE Mobile Banking,Google Play
Best application,5,2024-12-30,CBE Mobile Banking,Google Play
Best application,5,2024-05-16,CBE Mobile Banking,Google Play
Best mobile banking,5,2021-08-26,CBE Mobile Banking,Google Play
Best mobile banking,5,2020-08-04,CBE Mobile Banking,Google Play
Best service,3,2025-02-05,CBE Mobile Banking,Google Play
Best service,5,2025-03-04,CBE Mobile Banking,Google Play
Best!,5,2025-02-13,CBE Mobile Banking,Google Play
Best!,5,2024-03-02,CBE Mobile Banking,Google Play
BoA,2,2025-05-20,Bank of Abyssinia,Google Play
BoA,4,2024-04-26,Bank of Abyssinia,Google Play
BoA,5,2024-07-13,Bank of Abyssinia,Google Play
BoA,5,2025-03-11,Bank of Abyssinia,Google Play
Boa,5,2024-07-13,Bank of Abyssinia,Google Play
Boa,4,2025-01-18,Bank of Abyssinia,Google Play
Boa,5,2024-02-03,Bank of Abyssinia,Google Play
Boa,5,2025-01-06,Bank of Abyssinia,Google Play
CBE,5,2025-03-31,CBE Mobile Banking,Google Play
CBE,5,2025-01-23,CBE Mobile Banking,Google Play
CBE,1,2025-02-11,CBE Mobile Banking,Google Play
CBE,5,2025-03-11,CBE Mobile Banking,Google Play
CBE,5,2025-02-04,CBE Mobile Banking,Google Play
Cbe,5,2025-01-01,CBE Mobile Banking,Google Play
Cbe,5,2025-02-03,CBE Mobile Banking,Google Play
Cool,5,2024-08-10,CBE Mobile Banking,Google Play
Cool,5,2024-05-17,CBE Mobile Banking,Google Play
Cool,5,2024-04-07,CBE Mobile Banking,Google Play
Cool,4,2024-05-22,Bank of Abyssinia,Google Play
Cool,5,2024-03-10,Bank of Abyssinia,Google Play
Dashen Bank Always One Step Ahead!,5,2025-01-15,Dashen Bank,Google Play
Dashen Bank Always One Step Ahead!,5,2025-01-14,Dashen Bank,Google Play
Easy and fast,5,2023-09-08,CBE Mobile Banking,Google Play
Easy and fast,5,2021-09-11,CBE Mobile Banking,Google Play
Easy and fast,5,2024-02-02,CBE Mobile Banking,Google Play
Easy to use,1,2021-06-18,CBE Mobile Banking,Google Play
Easy to use,5,2021-10-14,CBE Mobile Banking,Google Play
Easy to use,5,2022-03-06,CBE Mobile Banking,Google Play
Easy to use,1,2022-12-27,CBE Mobile Banking,Google Play
Easy to use,4,2022-06-09,CBE Mobile Banking,Google Play
Easy to use,5,2022-02-12,CBE Mobile Banking,Google Play
Easy to use,5,2024-03-09,CBE Mobile Banking,Google Play
Easy to use,5,2025-02-01,CBE Mobile Banking,Google Play
Easy to use,5,2025-04-01,CBE Mobile Banking,Google Play
Easy to use,5,2021-12-09,CBE Mobile Banking,Google Play
Easy to use !,5,2022-07-01,CBE Mobile Banking,Google Play
Easy to use !,5,2023-02-27,CBE Mobile Banking,Google Play
Excellent,5,2024-10-21,CBE Mobile Banking,Google Play
Excellent,5,2024-11-20,CBE Mobile Banking,Google Play
Excellent,5,2025-03-10,Dashen Bank,Google Play
Excellent,5,2024-03-08,CBE Mobile Banking,Google Play
Excellent,5,2024-12-20,CBE Mobile Banking,Google Play
Excellent,5,2024-08-01,CBE Mobile Banking,Google Play
Excellent,5,2025-03-31,CBE Mobile Banking,Google Play
Excellent,5,2024-02-05,Bank of Abyssinia,Google Play
Excellent,5,2024-12-08,CBE Mobile Banking,Google Play
Excellent,5,2024-07-26,CBE Mobile Banking,Google Play
Excellent,5,2024-08-22,CBE Mobile Banking,Google Play
Excellent,5,2024-11-14,CBE Mobile Banking,Google Play
Excellent,5,2024-08-11,CBE Mobile Banking,Google Play
Excellent,5,2024-03-29,CBE Mobile Banking,Google Play
Excellent,5,2024-07-16,Bank of Abyssinia,Google Play
Excellent,5,2024-05-01,CBE Mobile Banking,Google Play
Excellent,5,2024-05-31,Bank of Abyssinia,Google Play
Excellent,5,2024-11-30,CBE Mobile Banking,Google Play
Excellent,5,2024-04-22,Bank of Abyssinia,Google Play
Excellent,5,2024-05-21,Bank of Abyssinia,Google Play
Excellent app,5,2024-02-11,CBE Mobile Banking,Google Play
Excellent app,5,2024-05-21,CBE Mobile Banking,Google Play
Excellent app,5,2024-08-21,Bank of Abyssinia,Google Play
Excellent app,4,2024-06-01,CBE Mobile Banking,Google Play
Excellent app,5,2024-06-29,Bank of Abyssinia,Google Play
Excellent app,5,2024-09-07,CBE Mobile Banking,Google Play
Excellent app,1,2025-01-20,CBE Mobile Banking,Google Play
Excellent app,5,2024-04-29,CBE Mobile Banking,Google Play
Excellent app,5,2025-02-24,Dashen Bank,Google Play
Excellent app.,5,2025-04-21,Dashen Bank,Google Play
Excellent app.,5,2025-01-16,Dashen Bank,Google Play
Excellent service,5,2024-02-14,CBE Mobile Banking,Google Play
Excellent service,5,2024-06-19,Bank of Abyssinia,Google Play
Excellent service,5,2024-05-01,Bank of Abyssinia,Google Play
Exceptional,5,2024-03-11,CBE Mobile Banking,Google Play
Exceptional,5,2024-07-25,CBE Mobile Banking,Google Play
Fantastic,5,2024-05-02,CBE Mobile Banking,Google Play
Fantastic,5,2024-12-21,CBE Mobile Banking,Google Play
Fantastic,5,2024-02-23,CBE Mobile Banking,Google Play
Fantastic,5,2025-05-16,Dashen Bank,Google Play
Fantastic,5,2025-05-23,CBE Mobile Banking,Google Play
Fantastic app,5,2025-03-01,Dashen Bank,Google Play
Fantastic app,5,2024-10-01,CBE Mobile Banking,Google Play
Fast,5,2024-03-17,CBE Mobile Banking,Google Play
Fast,5,2024-10-21,CBE Mobile Banking,Google Play
Fast and reliable,5,2024-11-18,Bank of Abyssinia,Google Play
Fast and reliable,4,2024-11-30,CBE Mobile Banking,Google Play
Fast and reliable,5,2023-01-13,CBE Mobile Banking,Google Play
Fast and secure,5,2024-03-30,CBE Mobile Banking,Google Play
Fast and secure,5,2024-06-14,CBE Mobile Banking,Google Play
Fast service,5,2024-07-13,CBE Mobile Banking,Google Play
Fast service,5,2024-06-05,CBE Mobile Banking,Google Play
Fine,5,2024-06-12,CBE Mobile Banking,Google Play
Fine,3,2024-02-13,CBE Mobile Banking,Google Play
Fine,5,2024-12-21,Bank of Abyssinia,Google Play
Good,5,2024-08-21,CBE Mobile Banking,Google Play
Good,5,2024-07-18,CBE Mobile Banking,Google Play
Good,5,2025-03-14,CBE Mobile Banking,Google Play
Good,5,2024-12-06,CBE Mobile Banking,Google Play
Good,5,2024-09-19,CBE Mobile Banking,Google Play
Good,5,2024-07-02,CBE Mobile Banking,Google Play
Good,5,2025-03-05,CBE Mobile Banking,Google Play
Good,5,2025-03-03,CBE Mobile Banking,Google Play
Good,4,2025-01-25,CBE Mobile Banking,Google Play
Good,4,2025-02-12,CBE Mobile Banking,Google Play
Good,5,2024-03-06,Bank of Abyssinia,Google Play
Good,5,2024-05-18,CBE Mobile Banking,Google Play
Good,5,2024-10-01,CBE Mobile Banking,Google Play
Good,5,2024-05-17,CBE Mobile Banking,Google Play
Good,5,2024-08-26,CBE Mobile Banking,Google Play
Good,5,2024-05-05,CBE Mobile Banking,Google Play
Good,5,2025-02-10,CBE Mobile Banking,Google Play
Good,5,2024-09-14,CBE Mobile Banking,Google Play
Good,5,2025-02-08,CBE Mobile Banking,Google Play
Good,5,2025-01-29,CBE Mobile Banking,Google Play
Good,5,2025-02-03,CBE Mobile Banking,Google Play
Good,5,2025-01-25,CBE Mobile Banking,Google Play
Good,5,2025-02-27,CBE Mobile Banking,Google Play
Good,5,2024-02-11,CBE Mobile Banking,Google Play
Good,5,2025-03-08,CBE Mobile Banking,Google Play
Good,5,2025-02-11,CBE Mobile Banking,Google Play
Good,5,2024-02-25,CBE Mobile Banking,Google Play
Good,5,2025-02-19,CBE Mobile Banking,Google Play
Good,5,2024-03-18,CBE Mobile Banking,Google Play
Good,5,2025-01-27,CBE Mobile Banking,Google Play
Good,5,2024-09-09,CBE Mobile Banking,Google Play
Good,5,2024-07-20,CBE Mobile Banking,Google Play
Good,5,2025-03-12,CBE Mobile Banking,Google Play
Good,5,2025-03-17,CBE Mobile Banking,Google Play
Good,5,2025-02-17,CBE Mobile Banking,Google Play
Good,5,2025-02-08,CBE Mobile Banking,Google Play
Good,5,2025-02-03,CBE Mobile Banking,Google Play
Good,5,2024-02-23,Bank of Abyssinia,Google Play
Good,5,2025-02-11,CBE Mobile Banking,Google Play
Good,4,2024-12-25,CBE Mobile Banking,Google Play
Good,5,2025-02-28,Dashen Bank,Google Play
Good,2,2024-08-20,CBE Mobile Banking,Google Play
Good,4,2024-06-01,CBE Mobile Banking,Google Play
Good,5,2024-12-24,CBE Mobile Banking,Google Play
Good,5,2024-12-26,CBE Mobile Banking,Google Play
Good,4,2024-02-29,CBE Mobile Banking,Google Play
Good,4,2024-07-03,CBE Mobile Banking,Google Play
Good,5,2025-01-17,CBE Mobile Banking,Google Play
Good,5,2024-12-22,CBE Mobile Banking,Google Play
Good,5,2024-12-15,CBE Mobile Banking,Google Play
Good,5,2024-12-29,CBE Mobile Banking,Google Play
Good,5,2024-12-17,CBE Mobile Banking,Google Play
Good,4,2024-08-06,CBE Mobile Banking,Google Play
Good,4,2024-03-09,CBE Mobile Banking,Google Play
Good,4,2024-02-23,CBE Mobile Banking,Google Play
Good,4,2024-03-28,CBE Mobile Banking,Google Play
Good,3,2024-11-29,CBE Mobile Banking,Google Play
Good,3,2024-05-09,CBE Mobile Banking,Google Play
Good,3,2024-03-12,CBE Mobile Banking,Google Play
Good,3,2024-02-11,CBE Mobile Banking,Google Play
Good,3,2024-07-03,CBE Mobile Banking,Google Play
Good,1,2024-08-18,CBE Mobile Banking,Google Play
Good,5,2025-02-07,Dashen Bank,Google Play
Good,3,2024-02-11,CBE Mobile Banking,Google Play
Good,3,2024-08-09,CBE Mobile Banking,Google Play
Good,4,2025-03-21,Dashen Bank,Google Play
Good,1,2024-09-29,CBE Mobile Banking,Google Play
Good,1,2024-11-05,CBE Mobile Banking,Google Play
Good,1,2024-06-27,CBE Mobile Banking,Google Play
Good,4,2024-11-07,CBE Mobile Banking,Google Play
Good,3,2025-01-28,CBE Mobile Banking,Google Play
Good,5,2024-07-10,CBE Mobile Banking,Google Play
Good,5,2025-01-08,CBE Mobile Banking,Google Play
Good,5,2025-01-02,CBE Mobile Banking,Google Play
Good,5,2025-03-15,CBE Mobile Banking,Google Play
Good,5,2024-02-18,CBE Mobile Banking,Google Play
Good,5,2024-09-26,CBE Mobile Banking,Google Play
Good,5,2024-03-02,CBE Mobile Banking,Google Play
Good,5,2024-02-17,CBE Mobile Banking,Google Play
Good,5,2024-02-12,CBE Mobile Banking,Google Play
Good,5,2024-03-12,CBE Mobile Banking,Google Play
Good,4,2025-01-28,CBE Mobile Banking,Google Play
Good,4,2024-12-29,CBE Mobile Banking,Google Play
Good,2,2025-01-01,CBE Mobile Banking,Google Play
Good,4,2025-05-13,Dashen Bank,Google Play
Good,4,2025-03-02,CBE Mobile Banking,Google Play
Good,5,2025-03-20,Dashen Bank,Google Play
Good,5,2025-01-04,CBE Mobile Banking,Google Play
Good,5,2025-01-03,CBE Mobile Banking,Google Play
Good,5,2025-01-02,CBE Mobile Banking,Google Play
Good,5,2024-12-29,CBE Mobile Banking,Google Play
Good,5,2025-01-01,CBE Mobile Banking,Google Play
Good,5,2024-12-29,CBE Mobile Banking,Google Play
Good,5,2024-12-30,CBE Mobile Banking,Google Play
Good,5,2025-01-15,CBE Mobile Banking,Google Play
Good,5,2025-01-03,CBE Mobile Banking,Google Play
Good,5,2024-12-29,CBE Mobile Banking,Google Play
Good,5,2025-03-13,Dashen Bank,Google Play
Good,5,2025-01-01,CBE Mobile Banking,Google Play
Good,5,2025-01-22,CBE Mobile Banking,Google Play
Good,5,2025-03-08,Dashen Bank,Google Play
Good,5,2025-01-22,CBE Mobile Banking,Google Play
Good,5,2025-01-06,CBE Mobile Banking,Google Play
Good,5,2025-01-19,CBE Mobile Banking,Google Play
Good,5,2025-01-01,CBE Mobile Banking,Google Play
Good,5,2025-01-14,CBE Mobile Banking,Google Play
Good,4,2025-02-25,CBE Mobile Banking,Google Play
Good,5,2024-09-09,CBE Mobile Banking,Google Play
Good,5,2024-10-09,CBE Mobile Banking,Google Play
Good,5,2024-04-29,CBE Mobile Banking,Google Play
Good,5,2024-03-06,CBE Mobile Banking,Google Play
Good,5,2024-04-23,Bank of Abyssinia,Google Play
Good,5,2024-04-22,Bank of Abyssinia,Google Play
Good,5,2024-11-02,CBE Mobile Banking,Google Play
Good,5,2024-02-03,Bank of Abyssinia,Google Play
Good,5,2024-03-30,CBE Mobile Banking,Google Play
Good,4,2024-05-09,Bank of Abyssinia,Google Play
Good,5,2024-12-16,CBE Mobile Banking,Google Play
Good,5,2025-02-04,CBE Mobile Banking,Google Play
Good,5,2025-03-22,CBE Mobile Banking,Google Play
Good,5,2025-01-25,CBE Mobile Banking,Google Play
Good,4,2024-02-03,Bank of Abyssinia,Google Play
Good,5,2024-08-30,Bank of Abyssinia,Google Play
Good,5,2024-05-24,Bank of Abyssinia,Google Play
Good,5,2024-02-11,CBE Mobile Banking,Google Play
Good,5,2024-09-15,CBE Mobile Banking,Google Play
Good,5,2025-01-02,CBE Mobile Banking,Google Play
Good,5,2024-03-09,CBE Mobile Banking,Google Play
Good,5,2024-09-27,CBE Mobile Banking,Google Play
Good,5,2024-12-06,CBE Mobile Banking,Google Play
Good,5,2024-03-28,Bank of Abyssinia,Google Play
Good,5,2024-09-24,CBE Mobile Banking,Google Play
Good,5,2024-02-19,Bank of Abyssinia,Google Play
Good,5,2024-04-11,CBE Mobile Banking,Google Play
Good,5,2024-03-09,CBE Mobile Banking,Google Play
Good,5,2024-05-11,Bank of Abyssinia,Google Play
Good,5,2024-02-11,CBE Mobile Banking,Google Play
Good,5,2024-12-30,Bank of Abyssinia,Google Play
Good,3,2024-10-03,Bank of Abyssinia,Google Play
Good,4,2024-10-25,Bank of Abyssinia,Google Play
Good,3,2024-12-16,Bank of Abyssinia,Google Play
Good,5,2024-10-19,Bank of Abyssinia,Google Play
Good,3,2024-08-28,Bank of Abyssinia,Google Play
Good,5,2024-09-16,CBE Mobile Banking,Google Play
Good,1,2024-07-24,Bank of Abyssinia,Google Play
Good,5,2024-05-03,CBE Mobile Banking,Google Play
Good,5,2024-10-29,CBE Mobile Banking,Google Play
Good,5,2024-12-06,CBE Mobile Banking,Google Play
Good,2,2024-04-23,Bank of Abyssinia,Google Play
Good,5,2024-03-04,CBE Mobile Banking,Google Play
Good,5,2024-03-11,CBE Mobile Banking,Google Play
Good,5,2024-03-09,CBE Mobile Banking,Google Play
Good,5,2024-06-26,CBE Mobile Banking,Google Play
Good,5,2024-09-10,Bank of Abyssinia,Google Play
Good,5,2024-08-13,Bank of Abyssinia,Google Play
Good,5,2024-12-18,CBE Mobile Banking,Google Play
Good,5,2024-08-26,Bank of Abyssinia,Google Play
Good,5,2024-09-16,Bank of Abyssinia,Google Play
Good,5,2024-11-04,CBE Mobile Banking,Google Play
Good,5,2024-12-10,CBE Mobile Banking,Google Play
Good,5,2024-08-22,Bank of Abyssinia,Google Play
Good,5,2024-08-07,Bank of Abyssinia,Google Play
Good,5,2024-02-13,CBE Mobile Banking,Google Play
Good,5,2024-02-15,CBE Mobile Banking,Google Play
Good,5,2025-06-04,CBE Mobile Banking,Google Play
Good,5,2024-06-03,CBE Mobile Banking,Google Play
Good,5,2024-06-22,CBE Mobile Banking,Google Play
Good,5,2024-05-02,Bank of Abyssinia,Google Play
Good,5,2024-05-06,Bank of Abyssinia,Google Play
Good,5,2024-04-29,Bank of Abyssinia,Google Play
Good,5,2024-05-26,CBE Mobile Banking,Google Play
Good,5,2024-01-29,Bank of Abyssinia,Google Play
Good,5,2024-06-21,CBE Mobile Banking,Google Play
Good,5,2024-11-12,Bank of Abyssinia,Google Play
Good,5,2024-02-26,CBE Mobile Banking,Google Play
Good,5,2024-05-04,Bank of Abyssinia,Google Play
Good,5,2024-03-16,CBE Mobile Banking,Google Play
Good,3,2024-04-19,Bank of Abyssinia,Google Play
Good,5,2024-11-29,CBE Mobile Banking,Google Play
Good,5,2024-02-24,CBE Mobile Banking,Google Play
Good,5,2024-03-07,Bank of Abyssinia,Google Play
Good,5,2024-02-18,Bank of Abyssinia,Google Play
Good,5,2024-04-09,Bank of Abyssinia,Google Play
Good,5,2024-04-14,Bank of Abyssinia,Google Play
Good,5,2024-11-29,CBE Mobile Banking,Google Play
Good,5,2024-07-28,CBE Mobile Banking,Google Play
Good,5,2024-07-22,CBE Mobile Banking,Google Play
Good,5,2024-08-26,CBE Mobile Banking,Google Play
Good,5,2024-02-11,Bank of Abyssinia,Google Play
Good,5,2024-12-14,CBE Mobile Banking,Google Play
Good,5,2024-04-22,Bank of Abyssinia,Google Play
Good,5,2024-10-28,CBE Mobile Banking,Google Play
Good,1,2024-05-03,Bank of Abyssinia,Google Play
Good,5,2024-03-18,Bank of Abyssinia,Google Play
Good,5,2024-05-25,CBE Mobile Banking,Google Play
Good,5,2024-10-17,CBE Mobile Banking,Google Play
Good,5,2025-04-08,CBE Mobile Banking,Google Play
Good,5,2024-09-06,CBE Mobile Banking,Google Play
Good,5,2024-10-22,CBE Mobile Banking,Google Play
Good,5,2024-07-04,CBE Mobile Banking,Google Play
Good,3,2024-05-07,Bank of Abyssinia,Google Play
Good,5,2024-06-18,CBE Mobile Banking,Google Play
Good,5,2024-06-14,Bank of Abyssinia,Google Play
Good,3,2024-05-02,Bank of Abyssinia,Google Play
Good,5,2024-10-20,CBE Mobile Banking,Google Play
Good,5,2025-03-23,CBE Mobile Banking,Google Play
Good,5,2025-04-01,CBE Mobile Banking,Google Play
Good,5,2024-03-02,CBE Mobile Banking,Google Play
Good,5,2024-02-07,Bank of Abyssinia,Google Play
Good,5,2024-02-16,CBE Mobile Banking,Google Play
Good,5,2024-09-03,CBE Mobile Banking,Google Play
Good,5,2025-03-26,CBE Mobile Banking,Google Play
Good,5,2024-09-15,CBE Mobile Banking,Google Play
Good,5,2024-03-13,CBE Mobile Banking,Google Play
Good,5,2024-02-11,CBE Mobile Banking,Google Play
Good App,4,2024-10-12,Bank of Abyssinia,Google Play
Good App,5,2024-08-09,CBE Mobile Banking,Google Play
Good App,5,2025-01-23,CBE Mobile Banking,Google Play
Good app,5,2024-11-21,Bank of Abyssinia,Google Play
Good app,5,2024-03-14,CBE Mobile Banking,Google Play
Good app,5,2024-12-01,CBE Mobile Banking,Google Play
Good app,5,2024-11-25,CBE Mobile Banking,Google Play
Good app,5,2024-12-16,CBE Mobile Banking,Google Play
Good app,5,2024-08-27,CBE Mobile Banking,Google Play
Good app,5,2024-12-14,CBE Mobile Banking,Google Play
Good app,5,2024-04-18,Bank of Abyssinia,Google Play
Good app,5,2024-11-01,CBE Mobile Banking,Google Play
Good app,5,2024-03-19,CBE Mobile Banking,Google Play
Good app,5,2024-04-09,Bank of Abyssinia,Google Play
Good app,5,2024-03-02,CBE Mobile Banking,Google Play
Good app,5,2024-12-15,CBE Mobile Banking,Google Play
Good app,4,2025-01-28,CBE Mobile Banking,Google Play
Good app,4,2024-11-21,CBE Mobile Banking,Google Play
Good app,5,2024-02-26,CBE Mobile Banking,Google Play
Good app,5,2024-10-19,CBE Mobile Banking,Google Play
Good app,4,2024-03-13,CBE Mobile Banking,Google Play
Good app,3,2024-02-21,CBE Mobile Banking,Google Play
Good app,5,2024-02-16,CBE Mobile Banking,Google Play
Good app,5,2024-10-22,CBE Mobile Banking,Google Play
Good app,5,2025-02-08,CBE Mobile Banking,Google Play
Good app,5,2024-05-04,CBE Mobile Banking,Google Play
Good app,5,2025-01-14,CBE Mobile Banking,Google Play
Good app,5,2024-03-27,CBE Mobile Banking,Google Play
Good app,5,2024-06-05,CBE Mobile Banking,Google Play
Good app,5,2024-11-19,CBE Mobile Banking,Google Play
Good app,5,2025-01-29,CBE Mobile Banking,Google Play
Good app,5,2025-01-03,CBE Mobile Banking,Google Play
Good app,5,2024-12-10,CBE Mobile Banking,Google Play
Good app,5,2025-01-24,CBE Mobile Banking,Google Play
Good app,5,2025-01-02,CBE Mobile Banking,Google Play
Good app,5,2025-02-14,CBE Mobile Banking,Google Play
Good app,5,2025-02-17,CBE Mobile Banking,Google Play
Good app,5,2025-03-21,CBE Mobile Banking,Google Play
Good app,3,2025-03-10,CBE Mobile Banking,Google Play
Good app,5,2025-05-06,CBE Mobile Banking,Google Play
Good app,5,2025-05-15,CBE Mobile Banking,Google Play
Good app,5,2025-03-03,Bank of Abyssinia,Google Play
Good application,5,2024-07-25,CBE Mobile Banking,Google Play
Good application,5,2024-12-26,CBE Mobile Banking,Google Play
Good application,5,2025-01-31,CBE Mobile Banking,Google Play
Good application,5,2024-09-16,Bank of Abyssinia,Google Play
Good application,5,2024-05-12,Bank of Abyssinia,Google Play
Good apps,5,2024-04-19,CBE Mobile Banking,Google Play
Good apps,5,2025-03-13,CBE Mobile Banking,Google Play
Good bank,5,2024-04-22,Bank of Abyssinia,Google Play
Good bank,5,2024-04-04,Bank of Abyssinia,Google Play
Good cbe app,5,2020-08-06,CBE Mobile Banking,Google Play
Good cbe app,5,2021-07-08,CBE Mobile Banking,Google Play
Good experience,5,2024-07-11,CBE Mobile Banking,Google Play
Good experience,5,2025-02-24,CBE Mobile Banking,Google Play
Good job,5,2024-08-07,Bank of Abyssinia,Google Play
Good job,4,2024-09-25,CBE Mobile Banking,Google Play
Good job,5,2024-06-05,CBE Mobile Banking,Google Play
Good job,5,2024-07-04,CBE Mobile Banking,Google Play
Good job,4,2024-09-21,CBE Mobile Banking,Google Play
Good job,1,2024-01-16,Bank of Abyssinia,Google Play
Good job,5,2024-02-24,CBE Mobile Banking,Google Play
Good keep it up,5,2024-02-19,CBE Mobile Banking,Google Play
Good keep it up,5,2023-10-15,CBE Mobile Banking,Google Play
Good keep it up,5,2020-06-29,CBE Mobile Banking,Google Play
Good keep it up,5,2021-11-23,CBE Mobile Banking,Google Play
Good service,5,2024-07-15,CBE Mobile Banking,Google Play
Good service,5,2024-05-04,Bank of Abyssinia,Google Play
Good service,5,2024-02-24,CBE Mobile Banking,Google Play
Good service,5,2025-01-04,CBE Mobile Banking,Google Play
Good üëç,5,2024-06-07,Bank of Abyssinia,Google Play
Good üëç,5,2024-09-17,CBE Mobile Banking,Google Play
Good üëç,3,2024-08-06,CBE Mobile Banking,Google Play
Good üëç,5,2025-01-31,Bank of Abyssinia,Google Play
Good üëç,5,2025-01-03,Bank of Abyssinia,Google Play
Goood,5,2024-03-21,CBE Mobile Banking,Google Play
Goood,1,2024-12-02,CBE Mobile Banking,Google Play
Goood,4,2024-08-06,Bank of Abyssinia,Google Play
Great,5,2024-02-14,CBE Mobile Banking,Google Play
Great,5,2024-07-12,CBE Mobile Banking,Google Play
Great,5,2025-02-14,CBE Mobile Banking,Google Play
Great,5,2024-11-25,Bank of Abyssinia,Google Play
Great,5,2024-03-14,CBE Mobile Banking,Google Play
Great,5,2025-02-28,CBE Mobile Banking,Google Play
Great,5,2024-08-03,Bank of Abyssinia,Google Play
Great,5,2024-09-04,CBE Mobile Banking,Google Play
Great,5,2024-02-23,CBE Mobile Banking,Google Play
Great,5,2025-01-27,CBE Mobile Banking,Google Play
Great app,5,2024-03-23,CBE Mobile Banking,Google Play
Great app,5,2024-08-01,CBE Mobile Banking,Google Play
Great app,5,2024-05-05,Bank of Abyssinia,Google Play
Great app,5,2024-12-30,CBE Mobile Banking,Google Play
Great app,4,2024-07-10,CBE Mobile Banking,Google Play
Great service,5,2024-04-29,CBE Mobile Banking,Google Play
Great service,5,2024-11-12,Bank of Abyssinia,Google Play
I like,5,2025-04-19,CBE Mobile Banking,Google Play
I like,5,2024-09-16,Bank of Abyssinia,Google Play
I like,5,2025-05-22,CBE Mobile Banking,Google Play
I like it,4,2025-05-23,CBE Mobile Banking,Google Play
I like it,4,2025-01-27,CBE Mobile Banking,Google Play
I like it.,5,2025-04-07,CBE Mobile Banking,Google Play
I like it.,5,2024-09-24,CBE Mobile Banking,Google Play
I like the app,5,2023-01-11,CBE Mobile Banking,Google Play
I like the app,5,2025-01-29,CBE Mobile Banking,Google Play
I like the app,5,2022-02-03,CBE Mobile Banking,Google Play
I like this app,5,2023-09-07,CBE Mobile Banking,Google Play
I like this app,5,2024-07-21,CBE Mobile Banking,Google Play
I like this app,4,2021-05-23,CBE Mobile Banking,Google Play
I like this app,5,2024-07-24,CBE Mobile Banking,Google Play
I like this app,5,2023-08-23,CBE Mobile Banking,Google Play
I like this app,4,2021-06-16,CBE Mobile Banking,Google Play
I like this app,5,2025-01-06,CBE Mobile Banking,Google Play
I like this app,1,2021-07-15,CBE Mobile Banking,Google Play
I liked it,5,2024-07-20,CBE Mobile Banking,Google Play
I liked it,5,2023-05-26,CBE Mobile Banking,Google Play
I love it,5,2024-12-29,CBE Mobile Banking,Google Play
I love it,5,2025-01-14,Bank of Abyssinia,Google Play
I love it,5,2024-02-11,CBE Mobile Banking,Google Play
I love it,5,2024-12-11,CBE Mobile Banking,Google Play
I love it,5,2025-03-06,CBE Mobile Banking,Google Play
I love it,5,2025-03-04,CBE Mobile Banking,Google Play
I love it,5,2025-02-27,CBE Mobile Banking,Google Play
I love this app,5,2022-06-21,CBE Mobile Banking,Google Play
I love this app,5,2025-04-21,Dashen Bank,Google Play
I loved it,5,2025-02-05,Dashen Bank,Google Play
I loved it,5,2024-09-26,CBE Mobile Banking,Google Play
Is not working,1,2025-01-25,Dashen Bank,Google Play
Is not working,1,2021-06-11,CBE Mobile Banking,Google Play
Is the best,5,2024-01-27,CBE Mobile Banking,Google Play
Is the best,5,2023-11-04,CBE Mobile Banking,Google Play
It crashes frequently,4,2025-04-30,CBE Mobile Banking,Google Play
It crashes frequently,2,2025-02-07,CBE Mobile Banking,Google Play
It doesn't work,1,2024-07-12,Bank of Abyssinia,Google Play
It doesn't work,1,2025-02-07,Dashen Bank,Google Play
It doesn't work,1,2024-02-17,Bank of Abyssinia,Google Play
It is a good app,4,2024-07-01,CBE Mobile Banking,Google Play
It is a good app,5,2022-08-06,CBE Mobile Banking,Google Play
It is amazing app,5,2024-05-09,CBE Mobile Banking,Google Play
It is amazing app,5,2023-05-27,CBE Mobile Banking,Google Play
It is best app,5,2023-11-29,CBE Mobile Banking,Google Play
It is best app,5,2025-02-13,CBE Mobile Banking,Google Play
It is easy and fast app,4,2024-02-14,CBE Mobile Banking,Google Play
It is easy and fast app,4,2022-09-22,CBE Mobile Banking,Google Play
It is excelent,5,2024-09-29,CBE Mobile Banking,Google Play
It is excelent,5,2025-04-01,CBE Mobile Banking,Google Play
It is fast and secure.,5,2023-12-19,CBE Mobile Banking,Google Play
It is fast and secure.,5,2024-01-12,CBE Mobile Banking,Google Play
It is fine,5,2025-01-04,CBE Mobile Banking,Google Play
It is fine,5,2023-12-21,CBE Mobile Banking,Google Play
It is good,1,2023-11-25,CBE Mobile Banking,Google Play
It is good,4,2020-08-24,CBE Mobile Banking,Google Play
It is good,5,2025-01-07,CBE Mobile Banking,Google Play
It is good,4,2024-10-15,CBE Mobile Banking,Google Play
It is good,5,2024-02-10,CBE Mobile Banking,Google Play
It is good,5,2023-02-05,CBE Mobile Banking,Google Play
It is good,4,2025-01-07,CBE Mobile Banking,Google Play
It is good,5,2024-05-19,Bank of Abyssinia,Google Play
It is good,5,2025-02-02,CBE Mobile Banking,Google Play
It is good,4,2025-01-04,CBE Mobile Banking,Google Play
It is good app,5,2025-02-15,CBE Mobile Banking,Google Play
It is good app,4,2024-08-11,CBE Mobile Banking,Google Play
It is good app,5,2021-05-14,CBE Mobile Banking,Google Play
It is good.,5,2021-09-29,CBE Mobile Banking,Google Play
It is good.,5,2024-02-15,CBE Mobile Banking,Google Play
It is great,4,2022-07-21,CBE Mobile Banking,Google Play
It is great,5,2024-02-04,CBE Mobile Banking,Google Play
It is great app,5,2024-09-16,CBE Mobile Banking,Google Play
It is great app,3,2024-02-24,CBE Mobile Banking,Google Play
It is nice app,5,2020-09-02,CBE Mobile Banking,Google Play
It is nice app,5,2024-01-31,CBE Mobile Banking,Google Play
It is not fast,3,2024-07-11,Bank of Abyssinia,Google Play
It is not fast,1,2024-07-25,CBE Mobile Banking,Google Play
It is very nice app,4,2024-01-24,Bank of Abyssinia,Google Play
It is very nice app,5,2024-12-18,CBE Mobile Banking,Google Play
It's amazing,5,2024-12-02,CBE Mobile Banking,Google Play
It's amazing,5,2022-01-21,CBE Mobile Banking,Google Play
It's good,5,2024-12-31,CBE Mobile Banking,Google Play
It's good,5,2024-04-16,CBE Mobile Banking,Google Play
It's good,5,2024-03-29,CBE Mobile Banking,Google Play
It's good,5,2024-12-06,CBE Mobile Banking,Google Play
It's good,4,2025-01-03,CBE Mobile Banking,Google Play
It's good app,5,2024-02-20,Bank of Abyssinia,Google Play
It's good app,4,2021-09-03,CBE Mobile Banking,Google Play
It's good app,5,2025-01-15,CBE Mobile Banking,Google Play
It's good app,5,2024-03-19,CBE Mobile Banking,Google Play
It's good app,5,2024-08-26,CBE Mobile Banking,Google Play
It's good app.,5,2024-01-20,CBE Mobile Banking,Google Play
It's good app.,5,2022-05-22,CBE Mobile Banking,Google Play
It's not working,1,2023-10-28,CBE Mobile Banking,Google Play
It's not working,1,2021-06-05,CBE Mobile Banking,Google Play
It's not working,1,2025-01-03,CBE Mobile Banking,Google Play
It's very nice,5,2023-08-08,CBE Mobile Banking,Google Play
It's very nice,5,2023-08-07,CBE Mobile Banking,Google Play
It's very nice app,3,2024-04-26,CBE Mobile Banking,Google Play
It's very nice app,4,2023-09-27,CBE Mobile Banking,Google Play
Its good,5,2024-04-13,Bank of Abyssinia,Google Play
Its good,5,2024-04-30,CBE Mobile Banking,Google Play
Its good,5,2025-01-01,CBE Mobile Banking,Google Play
Its good,5,2025-03-05,CBE Mobile Banking,Google Play
Its good app,3,2023-07-24,CBE Mobile Banking,Google Play
Its good app,5,2023-11-24,CBE Mobile Banking,Google Play
Its good app,1,2024-12-31,CBE Mobile Banking,Google Play
Its good app,5,2024-01-09,CBE Mobile Banking,Google Play
Its very nice app,5,2023-10-03,CBE Mobile Banking,Google Play
Its very nice app,5,2024-07-04,CBE Mobile Banking,Google Play
Like,3,2025-02-08,CBE Mobile Banking,Google Play
Like,4,2024-12-30,CBE Mobile Banking,Google Play
Love,5,2024-08-18,CBE Mobile Banking,Google Play
Love,4,2024-04-28,CBE Mobile Banking,Google Play
NICE APP,5,2024-03-15,Bank of Abyssinia,Google Play
NICE APP,5,2025-03-03,CBE Mobile Banking,Google Play
Nice,5,2024-05-30,CBE Mobile Banking,Google Play
Nice,5,2024-07-29,CBE Mobile Banking,Google Play
Nice,5,2024-05-02,Bank of Abyssinia,Google Play
Nice,5,2024-10-30,CBE Mobile Banking,Google Play
Nice,5,2025-01-26,CBE Mobile Banking,Google Play
Nice,5,2025-02-02,CBE Mobile Banking,Google Play
Nice,5,2025-01-24,CBE Mobile Banking,Google Play
Nice,5,2025-01-29,CBE Mobile Banking,Google Play
Nice,1,2024-09-30,CBE Mobile Banking,Google Play
Nice,5,2025-02-02,CBE Mobile Banking,Google Play
Nice,5,2024-06-03,CBE Mobile Banking,Google Play
Nice,5,2024-12-21,CBE Mobile Banking,Google Play
Nice,5,2024-07-10,CBE Mobile Banking,Google Play
Nice,5,2024-11-07,CBE Mobile Banking,Google Play
Nice,5,2024-07-27,CBE Mobile Banking,Google Play
Nice,5,2024-09-01,CBE Mobile Banking,Google Play
Nice,5,2024-05-27,CBE Mobile Banking,Google Play
Nice,5,2024-07-08,CBE Mobile Banking,Google Play
Nice,5,2025-01-25,CBE Mobile Banking,Google Play
Nice,5,2024-10-23,CBE Mobile Banking,Google Play
Nice,5,2024-08-22,CBE Mobile Banking,Google Play
Nice,5,2024-02-23,CBE Mobile Banking,Google Play
Nice,5,2024-10-18,CBE Mobile Banking,Google Play
Nice,5,2024-10-25,CBE Mobile Banking,Google Play
Nice,5,2024-08-04,CBE Mobile Banking,Google Play
Nice,5,2024-12-18,CBE Mobile Banking,Google Play
Nice,5,2024-12-26,Bank of Abyssinia,Google Play
Nice,5,2024-09-08,CBE Mobile Banking,Google Play
Nice,5,2024-11-14,CBE Mobile Banking,Google Play
Nice,5,2024-08-10,CBE Mobile Banking,Google Play
Nice,5,2024-09-20,CBE Mobile Banking,Google Play
Nice,5,2025-03-01,CBE Mobile Banking,Google Play
Nice,5,2024-04-30,CBE Mobile Banking,Google Play
Nice,5,2025-02-28,CBE Mobile Banking,Google Play
Nice,5,2025-02-26,CBE Mobile Banking,Google Play
Nice,5,2025-01-27,CBE Mobile Banking,Google Play
Nice,5,2025-01-25,CBE Mobile Banking,Google Play
Nice,5,2024-08-06,CBE Mobile Banking,Google Play
Nice,5,2024-05-25,Bank of Abyssinia,Google Play
Nice,5,2024-08-03,Bank of Abyssinia,Google Play
Nice,5,2024-05-01,CBE Mobile Banking,Google Play
Nice,5,2024-07-24,Bank of Abyssinia,Google Play
Nice,5,2024-08-04,CBE Mobile Banking,Google Play
Nice,5,2025-02-08,CBE Mobile Banking,Google Play
Nice,5,2024-02-11,CBE Mobile Banking,Google Play
Nice,5,2024-04-11,Bank of Abyssinia,Google Play
Nice,5,2024-02-16,CBE Mobile Banking,Google Play
Nice,5,2025-04-16,Dashen Bank,Google Play
Nice,5,2024-12-27,CBE Mobile Banking,Google Play
Nice,2,2024-07-19,CBE Mobile Banking,Google Play
Nice,5,2025-01-01,CBE Mobile Banking,Google Play
Nice,5,2025-01-02,CBE Mobile Banking,Google Play
Nice,5,2025-01-23,CBE Mobile Banking,Google Play
Nice,5,2024-04-25,Bank of Abyssinia,Google Play
Nice,5,2024-01-15,Bank of Abyssinia,Google Play
Nice,5,2024-11-06,Bank of Abyssinia,Google Play
Nice,5,2024-12-29,CBE Mobile Banking,Google Play
Nice,5,2024-12-31,CBE Mobile Banking,Google Play
Nice,5,2024-04-23,Bank of Abyssinia,Google Play
Nice,5,2024-12-31,CBE Mobile Banking,Google Play
Nice,5,2025-01-01,CBE Mobile Banking,Google Play
Nice,5,2024-12-07,Bank of Abyssinia,Google Play
Nice,5,2024-04-29,Bank of Abyssinia,Google Play
Nice,5,2025-01-19,CBE Mobile Banking,Google Play
Nice,4,2024-04-20,CBE Mobile Banking,Google Play
Nice,4,2024-12-22,CBE Mobile Banking,Google Play
Nice,5,2024-03-19,CBE Mobile Banking,Google Play
Nice,4,2024-07-20,CBE Mobile Banking,Google Play
Nice,4,2025-01-28,CBE Mobile Banking,Google Play
Nice,4,2025-01-04,CBE Mobile Banking,Google Play
Nice,5,2024-02-03,Bank of Abyssinia,Google Play
Nice,5,2025-01-15,Dashen Bank,Google Play
Nice,4,2024-02-27,CBE Mobile Banking,Google Play
Nice,5,2025-01-25,Dashen Bank,Google Play
Nice App,5,2025-01-27,CBE Mobile Banking,Google Play
Nice App,5,2024-12-09,CBE Mobile Banking,Google Play
Nice App,5,2024-02-14,CBE Mobile Banking,Google Play
Nice App,5,2025-04-18,Dashen Bank,Google Play
Nice app,5,2024-02-11,CBE Mobile Banking,Google Play
Nice app,5,2024-12-10,CBE Mobile Banking,Google Play
Nice app,5,2024-09-29,CBE Mobile Banking,Google Play
Nice app,5,2024-07-20,CBE Mobile Banking,Google Play
Nice app,5,2024-10-07,CBE Mobile Banking,Google Play
Nice app,4,2025-01-20,CBE Mobile Banking,Google Play
Nice app,5,2024-06-04,CBE Mobile Banking,Google Play
Nice app,5,2024-03-06,CBE Mobile Banking,Google Play
Nice app,4,2024-12-22,CBE Mobile Banking,Google Play
Nice app,3,2025-02-17,CBE Mobile Banking,Google Play
Nice app,5,2024-03-29,Bank of Abyssinia,Google Play
Nice app,5,2024-03-28,CBE Mobile Banking,Google Play
Nice app,5,2024-11-15,CBE Mobile Banking,Google Play
Nice app,5,2025-02-15,CBE Mobile Banking,Google Play
Nice app ever,5,2024-02-26,CBE Mobile Banking,Google Play
Nice app ever,4,2023-08-15,CBE Mobile Banking,Google Play
Nice service,5,2024-04-10,CBE Mobile Banking,Google Play
Nice service,5,2024-10-21,CBE Mobile Banking,Google Play
Nice service,5,2025-04-15,CBE Mobile Banking,Google Play
No work,5,2025-02-28,CBE Mobile Banking,Google Play
No work,5,2024-07-10,Bank of Abyssinia,Google Play
Not working,1,2025-01-02,CBE Mobile Banking,Google Play
Not working,2,2024-02-28,Bank of Abyssinia,Google Play
Ok,5,2025-02-02,Dashen Bank,Google Play
Ok,5,2024-12-20,CBE Mobile Banking,Google Play
Ok,5,2025-01-06,CBE Mobile Banking,Google Play
Ok,5,2025-01-17,CBE Mobile Banking,Google Play
Ok,5,2024-12-31,CBE Mobile Banking,Google Play
Ok,5,2024-08-12,Bank of Abyssinia,Google Play
Ok,5,2024-10-04,Bank of Abyssinia,Google Play
Ok,5,2025-01-02,CBE Mobile Banking,Google Play
Ok,5,2024-08-06,Bank of Abyssinia,Google Play
Ok,5,2024-12-25,CBE Mobile Banking,Google Play
Ok,5,2024-12-26,CBE Mobile Banking,Google Play
Ok,5,2025-01-21,Dashen Bank,Google Play
Ok,5,2025-01-19,CBE Mobile Banking,Google Play
Ok,5,2025-01-25,CBE Mobile Banking,Google Play
Ok,5,2024-05-31,Bank of Abyssinia,Google Play
Ok,5,2024-04-30,Bank of Abyssinia,Google Play
Ok,5,2025-01-09,CBE Mobile Banking,Google Play
Ok,4,2024-03-18,Bank of Abyssinia,Google Play
Ok,5,2025-02-12,CBE Mobile Banking,Google Play
Ok,1,2025-01-02,CBE Mobile Banking,Google Play
Ok,5,2025-02-04,CBE Mobile Banking,Google Play
Ok,5,2024-09-07,Bank of Abyssinia,Google Play
Ok,5,2025-03-05,CBE Mobile Banking,Google Play
Ok,4,2025-02-08,CBE Mobile Banking,Google Play
Ok,5,2024-07-11,Bank of Abyssinia,Google Play
Ok,5,2024-07-29,Bank of Abyssinia,Google Play
Okay,5,2024-11-03,Bank of Abyssinia,Google Play
Okay,5,2024-07-23,Bank of Abyssinia,Google Play
Perfect,5,2024-12-26,CBE Mobile Banking,Google Play
Perfect,5,2025-02-02,Dashen Bank,Google Play
Perfect,5,2024-02-22,CBE Mobile Banking,Google Play
Perfect,5,2025-01-09,Bank of Abyssinia,Google Play
Perfect app,5,2024-03-01,CBE Mobile Banking,Google Play
Perfect app,5,2024-01-12,Bank of Abyssinia,Google Play
Simple and easy to use,5,2020-09-13,CBE Mobile Banking,Google Play
Simple and easy to use,5,2025-01-11,CBE Mobile Banking,Google Play
Simple and easy to use,5,2025-03-10,CBE Mobile Banking,Google Play
Simple and easy to use,5,2021-09-04,CBE Mobile Banking,Google Play
Simple and easy to use.,4,2022-10-14,CBE Mobile Banking,Google Play
Simple and easy to use.,5,2022-02-20,CBE Mobile Banking,Google Play
Smart,5,2024-03-10,CBE Mobile Banking,Google Play
Smart,5,2025-04-01,CBE Mobile Banking,Google Play
Smart,5,2025-02-12,CBE Mobile Banking,Google Play
So good,5,2025-02-14,CBE Mobile Banking,Google Play
So good,5,2024-05-04,CBE Mobile Banking,Google Play
So nice,5,2024-08-01,CBE Mobile Banking,Google Play
So nice,5,2024-03-21,CBE Mobile Banking,Google Play
So nice,5,2025-02-03,CBE Mobile Banking,Google Play
Thank you,3,2024-08-12,Bank of Abyssinia,Google Play
Thank you,5,2024-02-03,Bank of Abyssinia,Google Play
Thank you,5,2025-01-10,Bank of Abyssinia,Google Play
Thank you,5,2025-02-08,CBE Mobile Banking,Google Play
Thank you,5,2025-03-25,CBE Mobile Banking,Google Play
Thank you,5,2024-12-20,CBE Mobile Banking,Google Play
The best,5,2024-04-24,Bank of Abyssinia,Google Play
The best,5,2024-09-23,CBE Mobile Banking,Google Play
The best,4,2024-04-14,Bank of Abyssinia,Google Play
The best app,5,2023-10-07,CBE Mobile Banking,Google Play
The best app,5,2024-03-20,CBE Mobile Banking,Google Play
The best app,5,2024-06-06,Bank of Abyssinia,Google Play
The best app,5,2025-01-03,CBE Mobile Banking,Google Play
The best app,5,2023-09-09,CBE Mobile Banking,Google Play
The best app,5,2025-02-22,CBE Mobile Banking,Google Play
The best app,5,2023-08-14,CBE Mobile Banking,Google Play
The best bank!!!,5,2024-02-02,Bank of Abyssinia,Google Play
The best bank!!!,5,2024-02-02,CBE Mobile Banking,Google Play
The best of best,5,2025-01-09,Bank of Abyssinia,Google Play
The best of best,5,2022-02-12,CBE Mobile Banking,Google Play
The best one,5,2024-06-30,CBE Mobile Banking,Google Play
The best one,5,2024-02-12,CBE Mobile Banking,Google Play
The worst app,1,2024-07-28,Bank of Abyssinia,Google Play
The worst app,1,2024-06-10,Bank of Abyssinia,Google Play
The worst app,1,2024-06-12,CBE Mobile Banking,Google Play
The worst mobile banking app,1,2024-06-04,Bank of Abyssinia,Google Play
The worst mobile banking app,1,2024-07-11,Bank of Abyssinia,Google Play
This app is a good app,5,2024-03-14,Bank of Abyssinia,Google Play
This app is a good app,5,2024-03-14,CBE Mobile Banking,Google Play
Top,5,2024-05-23,CBE Mobile Banking,Google Play
Top,5,2024-03-13,CBE Mobile Banking,Google Play
Useless,1,2024-10-07,CBE Mobile Banking,Google Play
Useless,1,2024-07-11,Bank of Abyssinia,Google Play
Very bad app,2,2024-05-02,Bank of Abyssinia,Google Play
Very bad app,5,2021-06-11,CBE Mobile Banking,Google Play
Very best app,5,2024-08-19,CBE Mobile Banking,Google Play
Very best app,5,2023-01-24,CBE Mobile Banking,Google Play
Very best app,5,2025-01-14,CBE Mobile Banking,Google Play
Very best app,5,2025-02-22,CBE Mobile Banking,Google Play
Very easy to use,5,2024-09-30,Bank of Abyssinia,Google Play
Very easy to use,5,2021-10-29,CBE Mobile Banking,Google Play
Very easy to use,5,2021-09-24,CBE Mobile Banking,Google Play
Very easy to use,5,2021-01-01,CBE Mobile Banking,Google Play
Very easy to use.,5,2022-05-05,CBE Mobile Banking,Google Play
Very easy to use.,5,2022-01-19,CBE Mobile Banking,Google Play
Very good,5,2024-07-09,CBE Mobile Banking,Google Play
Very good,5,2025-03-24,CBE Mobile Banking,Google Play
Very good,5,2024-02-19,CBE Mobile Banking,Google Play
Very good,5,2025-03-30,CBE Mobile Banking,Google Play
Very good,5,2024-10-18,CBE Mobile Banking,Google Play
Very good,5,2025-01-09,CBE Mobile Banking,Google Play
Very good,5,2025-01-01,CBE Mobile Banking,Google Play
Very good,5,2024-11-14,Bank of Abyssinia,Google Play
Very good,5,2024-10-18,Bank of Abyssinia,Google Play
Very good,5,2024-05-26,CBE Mobile Banking,Google Play
Very good,5,2024-04-21,CBE Mobile Banking,Google Play
Very good,5,2024-04-21,Bank of Abyssinia,Google Play
Very good,5,2024-09-01,Bank of Abyssinia,Google Play
Very good,5,2024-09-19,CBE Mobile Banking,Google Play
Very good,4,2025-01-10,CBE Mobile Banking,Google Play
Very good,5,2024-05-18,Bank of Abyssinia,Google Play
Very good,5,2025-02-04,CBE Mobile Banking,Google Play
Very good,5,2025-02-20,CBE Mobile Banking,Google Play
Very good,5,2024-04-29,CBE Mobile Banking,Google Play
Very good,5,2025-01-04,CBE Mobile Banking,Google Play
Very good,5,2024-02-15,CBE Mobile Banking,Google Play
Very good,5,2024-12-30,CBE Mobile Banking,Google Play
Very good,5,2024-12-15,CBE Mobile Banking,Google Play
Very good,5,2024-12-28,CBE Mobile Banking,Google Play
Very good App,5,2021-01-30,CBE Mobile Banking,Google Play
Very good App,5,2024-02-13,CBE Mobile Banking,Google Play
Very good App,5,2023-08-31,CBE Mobile Banking,Google Play
Very good app,5,2024-02-02,CBE Mobile Banking,Google Play
Very good app,5,2025-02-10,CBE Mobile Banking,Google Play
Very good app,5,2021-03-05,CBE Mobile Banking,Google Play
Very good app,5,2024-07-07,Bank of Abyssinia,Google Play
Very good app,5,2025-02-04,CBE Mobile Banking,Google Play
Very good app,5,2024-03-10,CBE Mobile Banking,Google Play
Very good app,5,2024-01-14,CBE Mobile Banking,Google Play
Very good app,5,2023-12-12,CBE Mobile Banking,Google Play
Very good app.,5,2021-06-12,CBE Mobile Banking,Google Play
Very good app.,5,2023-01-19,CBE Mobile Banking,Google Play
Very good app.,5,2024-02-17,CBE Mobile Banking,Google Play
Very good service,5,2024-11-11,CBE Mobile Banking,Google Play
Very good service,5,2022-02-12,CBE Mobile Banking,Google Play
Very good üëç,4,2024-03-30,CBE Mobile Banking,Google Play
Very good üëç,5,2024-10-05,CBE Mobile Banking,Google Play
Very nice,5,2024-12-13,Bank of Abyssinia,Google Play
Very nice,5,2025-01-14,CBE Mobile Banking,Google Play
Very nice,5,2025-01-30,CBE Mobile Banking,Google Play
Very nice,5,2024-11-22,CBE Mobile Banking,Google Play
Very nice,5,2024-03-13,CBE Mobile Banking,Google Play
Very nice,4,2025-01-04,CBE Mobile Banking,Google Play
Very nice,5,2024-08-11,CBE Mobile Banking,Google Play
Very nice,5,2025-02-06,CBE Mobile Banking,Google Play
Very nice app,5,2023-09-15,CBE Mobile Banking,Google Play
Very nice app,5,2025-01-07,CBE Mobile Banking,Google Play
Very nice app,5,2025-01-31,CBE Mobile Banking,Google Play
Very nice app,1,2023-02-24,CBE Mobile Banking,Google Play
Very nice app,5,2022-03-15,CBE Mobile Banking,Google Play
Very nice app,5,2024-02-26,CBE Mobile Banking,Google Play
Very nice app,5,2024-07-23,CBE Mobile Banking,Google Play
Very nice app,5,2023-08-24,CBE Mobile Banking,Google Play
Very nice app,5,2021-12-12,CBE Mobile Banking,Google Play
Very nice app,5,2024-03-22,CBE Mobile Banking,Google Play
Very nice app.,5,2023-06-05,CBE Mobile Banking,Google Play
Very nice app.,5,2021-09-03,CBE Mobile Banking,Google Play
Very nice work,3,2024-04-19,CBE Mobile Banking,Google Play
Very nice work,5,2024-09-15,CBE Mobile Banking,Google Play
Very very good,5,2024-12-30,CBE Mobile Banking,Google Play
Very very good,5,2024-03-29,CBE Mobile Banking,Google Play
Vgood,5,2024-12-26,CBE Mobile Banking,Google Play
Vgood,5,2024-02-05,Bank of Abyssinia,Google Play
WOW,5,2025-01-02,CBE Mobile Banking,Google Play
WOW,5,2025-01-06,CBE Mobile Banking,Google Play
Waw,5,2025-01-06,CBE Mobile Banking,Google Play
Waw,1,2024-03-08,Bank of Abyssinia,Google Play
Worst app ever,1,2025-03-15,Dashen Bank,Google Play
Worst app ever,1,2024-05-16,Bank of Abyssinia,Google Play
Worst app ever,1,2024-03-09,CBE Mobile Banking,Google Play
Wow,5,2025-01-04,CBE Mobile Banking,Google Play
Wow,5,2025-01-16,Dashen Bank,Google Play
Wow,5,2024-04-30,Bank of Abyssinia,Google Play
Wow,5,2025-02-02,CBE Mobile Banking,Google Play
Wow,5,2025-01-17,CBE Mobile Banking,Google Play
Wow,4,2025-03-05,Bank of Abyssinia,Google Play
Wow,5,2025-05-30,Dashen Bank,Google Play
Wow,5,2025-02-23,CBE Mobile Banking,Google Play
Wow,5,2025-01-18,CBE Mobile Banking,Google Play
Wow,5,2025-01-15,CBE Mobile Banking,Google Play
Wow,5,2024-04-14,Bank of Abyssinia,Google Play
Wow,5,2024-01-16,Bank of Abyssinia,Google Play
Wow,5,2025-03-14,CBE Mobile Banking,Google Play
Wow,5,2025-01-17,Dashen Bank,Google Play
Wow,5,2024-07-16,Bank of Abyssinia,Google Play
Wow,5,2024-07-19,Bank of Abyssinia,Google Play
Wow,5,2024-12-31,CBE Mobile Banking,Google Play
Wow,1,2025-03-14,Bank of Abyssinia,Google Play
Wow amazing app,5,2025-02-21,Dashen Bank,Google Play
Wow amazing app,4,2025-01-26,CBE Mobile Banking,Google Play
Wow amazing app,5,2024-02-14,Bank of Abyssinia,Google Play
amazing,1,2025-04-19,CBE Mobile Banking,Google Play
amazing,5,2025-05-18,Bank of Abyssinia,Google Play
amazing,5,2025-05-20,CBE Mobile Banking,Google Play
best,5,2024-05-02,Bank of Abyssinia,Google Play
best,1,2024-08-12,Bank of Abyssinia,Google Play
best,5,2025-05-23,CBE Mobile Banking,Google Play
best,5,2025-03-30,CBE Mobile Banking,Google Play
best,5,2024-02-29,CBE Mobile Banking,Google Play
best,5,2025-05-25,CBE Mobile Banking,Google Play
best,5,2025-04-06,Dashen Bank,Google Play
best,5,2025-05-21,CBE Mobile Banking,Google Play
best,5,2025-06-04,CBE Mobile Banking,Google Play
best,5,2025-03-21,Bank of Abyssinia,Google Play
best,5,2024-02-25,CBE Mobile Banking,Google Play
best,5,2024-05-02,Bank of Abyssinia,Google Play
best app,5,2024-04-21,CBE Mobile Banking,Google Play
best app,5,2025-05-25,CBE Mobile Banking,Google Play
best app,5,2025-04-19,CBE Mobile Banking,Google Play
best app,5,2025-03-30,CBE Mobile Banking,Google Play
best app,5,2025-04-28,Dashen Bank,Google Play
best app,5,2025-06-01,CBE Mobile Banking,Google Play
best app,5,2025-03-31,CBE Mobile Banking,Google Play
best app,5,2025-03-25,Bank of Abyssinia,Google Play
best app,5,2025-03-31,CBE Mobile Banking,Google Play
best app,5,2025-04-23,Dashen Bank,Google Play
best mobile banking application,5,2025-04-21,Dashen Bank,Google Play
best mobile banking application,5,2025-04-21,Dashen Bank,Google Play
best of best,5,2025-04-29,Dashen Bank,Google Play
best of best,5,2025-04-05,Dashen Bank,Google Play
easy to use,5,2024-10-15,CBE Mobile Banking,Google Play
easy to use,5,2025-04-05,CBE Mobile Banking,Google Play
easy to use,5,2025-04-02,CBE Mobile Banking,Google Play
easy to use,5,2022-02-15,CBE Mobile Banking,Google Play
excellent,5,2025-03-31,CBE Mobile Banking,Google Play
excellent,5,2025-04-03,CBE Mobile Banking,Google Play
excellent,5,2025-03-31,CBE Mobile Banking,Google Play
excellent,5,2024-05-09,CBE Mobile Banking,Google Play
excellent,5,2025-01-06,CBE Mobile Banking,Google Play
excellent,5,2025-05-02,CBE Mobile Banking,Google Play
excellent,5,2025-05-24,CBE Mobile Banking,Google Play
excellent,5,2025-05-15,Bank of Abyssinia,Google Play
excellent,5,2025-05-17,CBE Mobile Banking,Google Play
excellent,5,2024-04-25,Bank of Abyssinia,Google Play
excellent,5,2024-04-05,Bank of Abyssinia,Google Play
excellent app,5,2024-02-17,Bank of Abyssinia,Google Play
excellent app,5,2024-12-15,CBE Mobile Banking,Google Play
excellent app,4,2025-05-16,Bank of Abyssinia,Google Play
excellent app,5,2025-03-31,CBE Mobile Banking,Google Play
fast,5,2024-06-03,CBE Mobile Banking,Google Play
fast,5,2025-05-12,Dashen Bank,Google Play
good,1,2025-01-04,CBE Mobile Banking,Google Play
good,5,2025-05-16,Dashen Bank,Google Play
good,4,2025-05-31,Dashen Bank,Google Play
good,5,2024-06-04,CBE Mobile Banking,Google Play
good,5,2025-04-20,Dashen Bank,Google Play
good,5,2025-04-17,Dashen Bank,Google Play
good,5,2025-05-09,Dashen Bank,Google Play
good,5,2024-09-05,Bank of Abyssinia,Google Play
good,5,2025-04-04,Dashen Bank,Google Play
good,5,2025-05-21,Bank of Abyssinia,Google Play
good,5,2025-01-06,CBE Mobile Banking,Google Play
good,5,2025-05-27,Dashen Bank,Google Play
good,5,2025-05-28,Dashen Bank,Google Play
good,5,2025-03-28,Dashen Bank,Google Play
good,5,2024-02-20,Bank of Abyssinia,Google Play
good,5,2025-03-02,CBE Mobile Banking,Google Play
good,5,2025-05-30,Dashen Bank,Google Play
good,5,2024-12-20,CBE Mobile Banking,Google Play
good,4,2024-11-30,CBE Mobile Banking,Google Play
good,4,2025-04-30,Bank of Abyssinia,Google Play
good,5,2025-05-20,Dashen Bank,Google Play
good,4,2025-04-30,Bank of Abyssinia,Google Play
good,5,2024-09-06,CBE Mobile Banking,Google Play
good,5,2025-05-06,Bank of Abyssinia,Google Play
good,5,2025-03-28,CBE Mobile Banking,Google Play
good,5,2025-03-30,CBE Mobile Banking,Google Play
good,3,2024-08-07,Bank of Abyssinia,Google Play
good,5,2025-06-04,CBE Mobile Banking,Google Play
good,5,2024-11-06,CBE Mobile Banking,Google Play
good,5,2025-05-23,CBE Mobile Banking,Google Play
good,5,2025-05-23,CBE Mobile Banking,Google Play
good,5,2025-05-27,CBE Mobile Banking,Google Play
good,5,2025-03-21,CBE Mobile Banking,Google Play
good,5,2025-03-30,CBE Mobile Banking,Google Play
good,5,2025-06-04,CBE Mobile Banking,Google Play
good,5,2025-04-25,CBE Mobile Banking,Google Play
good,5,2024-10-06,CBE Mobile Banking,Google Play
good,5,2024-12-07,CBE Mobile Banking,Google Play
good,5,2025-03-29,CBE Mobile Banking,Google Play
good,3,2024-02-14,CBE Mobile Banking,Google Play
good,3,2025-05-06,CBE Mobile Banking,Google Play
good,5,2025-03-21,CBE Mobile Banking,Google Play
good,4,2025-04-19,CBE Mobile Banking,Google Play
good,5,2025-02-05,Bank of Abyssinia,Google Play
good,5,2025-05-23,CBE Mobile Banking,Google Play
good,5,2025-06-03,CBE Mobile Banking,Google Play
good,5,2025-03-25,CBE Mobile Banking,Google Play
good,5,2025-03-21,CBE Mobile Banking,Google Play
good,5,2025-03-31,CBE Mobile Banking,Google Play
good,5,2025-05-22,Bank of Abyssinia,Google Play
good,5,2025-05-20,Bank of Abyssinia,Google Play
good,5,2025-05-17,CBE Mobile Banking,Google Play
good,5,2025-03-22,CBE Mobile Banking,Google Play
good,5,2025-03-19,Bank of Abyssinia,Google Play
good,5,2025-05-02,Bank of Abyssinia,Google Play
good,5,2025-05-07,CBE Mobile Banking,Google Play
good,5,2025-03-05,CBE Mobile Banking,Google Play
good,5,2025-03-31,CBE Mobile Banking,Google Play
good,5,2025-03-21,Bank of Abyssinia,Google Play
good,5,2024-10-12,CBE Mobile Banking,Google Play
good,4,2025-03-22,CBE Mobile Banking,Google Play
good,5,2025-04-08,CBE Mobile Banking,Google Play
good,5,2025-05-02,CBE Mobile Banking,Google Play
good,5,2025-03-21,CBE Mobile Banking,Google Play
good,5,2025-03-19,CBE Mobile Banking,Google Play
good,5,2024-12-17,CBE Mobile Banking,Google Play
good,5,2025-04-26,CBE Mobile Banking,Google Play
good,5,2025-03-18,CBE Mobile Banking,Google Play
good,5,2024-02-24,CBE Mobile Banking,Google Play
good,5,2024-03-17,CBE Mobile Banking,Google Play
good,5,2024-12-02,CBE Mobile Banking,Google Play
good,3,2025-03-02,CBE Mobile Banking,Google Play
good,5,2025-03-20,CBE Mobile Banking,Google Play
good,5,2024-05-04,Bank of Abyssinia,Google Play
good,5,2024-04-13,CBE Mobile Banking,Google Play
good,5,2024-07-02,CBE Mobile Banking,Google Play
good,5,2025-05-02,CBE Mobile Banking,Google Play
good,5,2025-03-20,CBE Mobile Banking,Google Play
good,5,2025-03-30,CBE Mobile Banking,Google Play
good app,5,2025-05-21,CBE Mobile Banking,Google Play
good app,5,2025-05-02,CBE Mobile Banking,Google Play
good app,3,2024-04-20,CBE Mobile Banking,Google Play
good app,5,2024-06-11,CBE Mobile Banking,Google Play
good app,4,2024-12-29,CBE Mobile Banking,Google Play
good app,5,2025-03-04,Dashen Bank,Google Play
good app,5,2025-05-03,CBE Mobile Banking,Google Play
good app,5,2025-05-24,CBE Mobile Banking,Google Play
good app,1,2025-01-28,CBE Mobile Banking,Google Play
good app,5,2025-04-09,CBE Mobile Banking,Google Play
good app,5,2024-02-16,Bank of Abyssinia,Google Play
good app,5,2025-02-05,CBE Mobile Banking,Google Play
good application,5,2025-03-25,CBE Mobile Banking,Google Play
good application,5,2025-03-30,Bank of Abyssinia,Google Play
good good,3,2024-05-12,Bank of Abyssinia,Google Play
good good,5,2024-07-20,CBE Mobile Banking,Google Play
goood,5,2025-04-02,Dashen Bank,Google Play
goood,5,2024-03-31,CBE Mobile Banking,Google Play
great,5,2025-03-30,CBE Mobile Banking,Google Play
great,5,2025-03-23,CBE Mobile Banking,Google Play
great,4,2025-04-26,Dashen Bank,Google Play
great,5,2025-04-15,CBE Mobile Banking,Google Play
great app,5,2025-04-03,CBE Mobile Banking,Google Play
great app,5,2025-04-30,Dashen Bank,Google Play
great app,5,2025-04-15,CBE Mobile Banking,Google Play
i like this app,1,2023-01-25,CBE Mobile Banking,Google Play
i like this app,5,2024-02-29,Bank of Abyssinia,Google Play
it is good,5,2020-08-14,CBE Mobile Banking,Google Play
it is good,5,2024-05-01,CBE Mobile Banking,Google Play
it is very good app,5,2025-04-10,Dashen Bank,Google Play
it is very good app,5,2025-03-30,CBE Mobile Banking,Google Play
it's good app,5,2024-05-04,Bank of Abyssinia,Google Play
it's good app,5,2025-04-01,CBE Mobile Banking,Google Play
it's great,5,2025-03-18,CBE Mobile Banking,Google Play
it's great,5,2025-04-02,CBE Mobile Banking,Google Play
it's very good app,4,2024-02-18,CBE Mobile Banking,Google Play
it's very good app,5,2024-04-09,CBE Mobile Banking,Google Play
its best,5,2025-05-19,Dashen Bank,Google Play
its best,5,2025-05-23,Dashen Bank,Google Play
nic,4,2024-12-15,CBE Mobile Banking,Google Play
nic,5,2025-03-22,Dashen Bank,Google Play
nice,5,2025-05-14,CBE Mobile Banking,Google Play
nice,5,2025-05-03,CBE Mobile Banking,Google Play
nice,5,2025-05-10,Bank of Abyssinia,Google Play
nice,5,2024-02-23,Bank of Abyssinia,Google Play
nice,5,2025-03-24,CBE Mobile Banking,Google Play
nice,5,2025-04-04,Dashen Bank,Google Play
nice,5,2024-04-21,Bank of Abyssinia,Google Play
nice,5,2025-02-02,CBE Mobile Banking,Google Play
nice,5,2024-04-17,CBE Mobile Banking,Google Play
nice,5,2024-09-26,Bank of Abyssinia,Google Play
nice,5,2024-09-20,CBE Mobile Banking,Google Play
nice,2,2025-01-01,CBE Mobile Banking,Google Play
nice,5,2024-11-26,CBE Mobile Banking,Google Play
nice,5,2024-12-18,CBE Mobile Banking,Google Play
nice,5,2025-03-25,CBE Mobile Banking,Google Play
nice,5,2025-03-30,CBE Mobile Banking,Google Play
nice,5,2025-05-08,Dashen Bank,Google Play
nice,5,2025-03-23,CBE Mobile Banking,Google Play
nice,5,2025-05-26,CBE Mobile Banking,Google Play
nice,5,2025-04-11,CBE Mobile Banking,Google Play
nice,5,2025-04-09,Bank of Abyssinia,Google Play
nice,5,2025-04-26,CBE Mobile Banking,Google Play
nice,5,2025-03-31,CBE Mobile Banking,Google Play
nice,5,2025-03-30,CBE Mobile Banking,Google Play
nice,5,2025-05-13,Dashen Bank,Google Play
nice app,5,2025-04-01,CBE Mobile Banking,Google Play
nice app,1,2024-05-16,CBE Mobile Banking,Google Play
nice app,5,2025-03-22,CBE Mobile Banking,Google Play
nice app,5,2025-05-19,CBE Mobile Banking,Google Play
nice app,5,2025-03-29,Dashen Bank,Google Play
nice app,5,2024-05-01,CBE Mobile Banking,Google Play
nice application,4,2025-03-27,Dashen Bank,Google Play
nice application,5,2025-05-27,Dashen Bank,Google Play
ok,5,2025-03-30,Dashen Bank,Google Play
ok,5,2025-03-25,CBE Mobile Banking,Google Play
ok,5,2025-05-22,CBE Mobile Banking,Google Play
ok,5,2025-04-10,CBE Mobile Banking,Google Play
ok,5,2025-05-21,CBE Mobile Banking,Google Play
ok,5,2025-05-07,CBE Mobile Banking,Google Play
ok,5,2024-08-03,Bank of Abyssinia,Google Play
ok,5,2025-05-22,CBE Mobile Banking,Google Play
ok,1,2025-05-24,CBE Mobile Banking,Google Play
ok,3,2025-04-16,CBE Mobile Banking,Google Play
ok,2,2025-05-21,CBE Mobile Banking,Google Play
ok,5,2025-04-19,CBE Mobile Banking,Google Play
ok,5,2025-04-23,Dashen Bank,Google Play
ok,1,2024-06-24,Bank of Abyssinia,Google Play
perfect,5,2025-04-01,CBE Mobile Banking,Google Play
perfect,5,2025-04-03,Dashen Bank,Google Play
perfect,5,2025-04-03,CBE Mobile Banking,Google Play
perfect,5,2024-05-01,CBE Mobile Banking,Google Play
thank you,5,2025-04-02,Bank of Abyssinia,Google Play
thank you,4,2025-04-30,Dashen Bank,Google Play
thank you,5,2025-03-22,CBE Mobile Banking,Google Play
the best app,5,2025-04-16,CBE Mobile Banking,Google Play
the best app,3,2025-04-12,CBE Mobile Banking,Google Play
this app is very good,5,2023-08-11,CBE Mobile Banking,Google Play
this app is very good,5,2025-01-08,CBE Mobile Banking,Google Play
very good,5,2025-03-01,CBE Mobile Banking,Google Play
very good,5,2025-04-07,CBE Mobile Banking,Google Play
very good,5,2025-03-31,CBE Mobile Banking,Google Play
very good,5,2025-03-21,CBE Mobile Banking,Google Play
very good,5,2025-03-30,CBE Mobile Banking,Google Play
very good,5,2025-04-03,Bank of Abyssinia,Google Play
very good,4,2025-05-17,CBE Mobile Banking,Google Play
very good,5,2024-10-15,CBE Mobile Banking,Google Play
very good,5,2025-03-25,Bank of Abyssinia,Google Play
very good app,5,2024-07-30,CBE Mobile Banking,Google Play
very good app,5,2024-12-18,CBE Mobile Banking,Google Play
very good app,5,2025-03-20,CBE Mobile Banking,Google Play
very nice,5,2025-04-04,Dashen Bank,Google Play
very nice,5,2025-03-31,CBE Mobile Banking,Google Play
very nice,5,2025-01-23,CBE Mobile Banking,Google Play
very nice,5,2025-04-26,Dashen Bank,Google Play
wow,5,2025-05-13,Dashen Bank,Google Play
wow,5,2025-06-03,Dashen Bank,Google Play
wow,5,2025-03-27,CBE Mobile Banking,Google Play
wow,4,2025-05-24,CBE Mobile Banking,Google Play
wow,5,2025-05-20,Dashen Bank,Google Play
wow,5,2025-04-28,Bank of Abyssinia,Google Play
wow,5,2025-05-14,Dashen Bank,Google Play
wow,5,2025-05-27,Dashen Bank,Google Play
·â†·å£·àù ·ä†·à™·çç,2,2024-12-29,CBE Mobile Banking,Google Play
·â†·å£·àù ·ä†·à™·çç,5,2025-01-10,CBE Mobile Banking,Google Play
·å•·à© ·äê·ãç,5,2025-01-21,Dashen Bank,Google Play
·å•·à© ·äê·ãç,5,2025-04-01,CBE Mobile Banking,Google Play
·å•·à© ·äê·ãç,5,2025-03-25,Dashen Bank,Google Play
üëç,5,2025-01-19,CBE Mobile Banking,Google Play
üëç,5,2025-03-04,CBE Mobile Banking,Google Play
üëç,5,2024-01-10,Bank of Abyssinia,Google Play
üëç,5,2025-05-14,Dashen Bank,Google Play
üëç,5,2024-02-11,Bank of Abyssinia,Google Play
üëç,5,2024-11-11,Bank of Abyssinia,Google Play
üëç,5,2025-03-30,CBE Mobile Banking,Google Play
üëç,5,2024-01-28,Bank of Abyssinia,Google Play
üëç,3,2024-01-11,Bank of Abyssinia,Google Play
üëçüëçüëç,5,2025-05-28,Dashen Bank,Google Play
üëçüëçüëç,5,2024-06-12,Bank of Abyssinia,Google Play
üëèüëèüëè,5,2024-01-16,Bank of Abyssinia,Google Play
üëèüëèüëè,5,2024-11-24,Bank of Abyssinia,Google Play
üôè,5,2025-01-01,CBE Mobile Banking,Google Play
üôè,5,2024-04-23,Bank of Abyssinia,Google Play
üôèüôèüôè,5,2024-07-05,Bank of Abyssinia,Google Play
üôèüôèüôè,4,2025-01-03,CBE Mobile Banking,Google Play
