review,rating,date,bank,source,contains_emoji,emojis
"In the previous, I gave 4 ğŸŒŸ for this app based on my evaluation. This app was without biometric security and may be exposed to cheaters unexpectedly. It is solved now. You can add verification security on the setting app. But there is something problem still with verification. It must prevent logging in without correct input fingerprint.",5,2024-12-20,CBE Mobile Banking,Google Play,True,['ğŸŒŸ']
Two step verification update is fake (meaningless). Why because the app gives you an option of to use pin while requesting two step verification step. ğŸ” This updated app is not differ than the previous one in case of security & safegaurding users.ğŸ‘¹ğŸ‘¹ğŸ’€ğŸ’€ The other features of the app are best and easy to use it.â­ï¸â­ï¸â­ï¸â­ï¸â­ï¸,1,2025-03-06,CBE Mobile Banking,Google Play,True,"['ğŸ”', 'ğŸ‘¹', 'ğŸ‘¹', 'ğŸ’€', 'ğŸ’€', 'â­', 'â­', 'â­', 'â­', 'â­']"
"Sometimes it has a nasty lag for several hour fix that , the rest is ğŸ‘Œ",4,2025-05-22,CBE Mobile Banking,Google Play,True,['ğŸ‘Œ']
"Before the new version, the app was fast and merits 4 â­. However, following the upgrade, the app is slow and takes time to reload. Apps are useless without speed, so make them work.",1,2024-12-19,CBE Mobile Banking,Google Play,True,['â­']
I don't understand the reason why this app asks me to turn off my developer options whenever I try to log into the app ğŸ™„ This issue immediately needs to be fixed. Why would I sacrifice my phone's performance to use only this app? It's ridiculous ğŸ˜’,2,2025-01-06,CBE Mobile Banking,Google Play,True,"['ğŸ™„', 'ğŸ˜’']"
"The app is unresponsive the time when the fragments are attached. It is just like shivering. Still, I can't download the transaction history instead it just toasted me can't save. Please consider all this things. But I would recommed you to use a tab layout. This is because, consider I am using latest Samsung ğŸ¤” device, how do you think that your app is running on other damn devices like techno and itel ? It is horrible.",3,2022-08-26,CBE Mobile Banking,Google Play,True,['ğŸ¤”']
Weak update ! . b/c it stops when I want to set two step verification on. And it is only applicable if developer options are on. Why ??? Please tell me the reason ğŸ™,1,2024-12-31,CBE Mobile Banking,Google Play,True,['ğŸ™']
"It only works at the first glance(only after installation and configuration). After that all the transfer options, utilities, top up doesn't work. It just say doesn't sync. Even the balance bord keeps loading and doesn't show the current balance.... Very poor experience â˜¹ï¸ğŸ˜¥.",1,2020-09-05,CBE Mobile Banking,Google Play,True,"['â˜¹', 'ğŸ˜¥']"
When I started using the app for the first time I like it. But through time it started annoying meğŸ˜  Because it doesn't update the transaction history immediately. I remember one day I transferred 17000 to another account but I can't took screenshots of transportation history. It says repository........! It needs urgent system maintenance â€¼ï¸,4,2022-09-28,CBE Mobile Banking,Google Play,True,"['ğŸ˜ ', 'â€¼']"
fast and simple easy to use ğŸ‘Œ,5,2025-05-12,CBE Mobile Banking,Google Play,True,['ğŸ‘Œ']
"the App is one of the BEST things to have in Ethiopia but one of major problems is shows incorrect statements and incorrect available balance, merchants and supermarkets doesn't deduct right away ğŸ˜‘ deductible may come after weeks or month, once u already forgot about it and so many things to work on. please take it seriously Thanks ğŸ˜Š",3,2022-11-16,CBE Mobile Banking,Google Play,True,"['ğŸ˜‘', 'ğŸ˜Š']"
"Before years later i used this app and is used to work in mobile data eventhough it doesn't have different features like this version but now it doesn't even sync my balance and even can't use any of the services it says "" can't sync "" and "" none available "" ğŸ˜¡ğŸ¤¬ğŸ˜¡",1,2020-12-16,CBE Mobile Banking,Google Play,True,"['ğŸ˜¡', 'ğŸ¤¬', 'ğŸ˜¡']"
"""get your verification code from your nearest branch"" ia the first amazing dialogue your face, when you try to setup your CBE App. It is a way back system that requires you to go physically. You should have sent a verification codes either via phone number or email address. You better change this analogue system to the digital one! ğŸ˜€",2,2024-07-13,CBE Mobile Banking,Google Play,True,['ğŸ˜€']
Great impact but why Developer option turnoff if you fix ğŸ™ ğŸ™ ğŸ™,5,2025-05-17,CBE Mobile Banking,Google Play,True,"['ğŸ™', 'ğŸ™', 'ğŸ™']"
"it,s good app and time manager ğŸ‘",5,2025-05-30,CBE Mobile Banking,Google Play,True,['ğŸ‘']
"Great Experience ğŸ‘ but there is o e thing that highly bother me *the password to login every time you open the app ğŸ˜’ it ask you a pin instead what I say you can make it to be a fingerprint, because putting password continously so frustrating and also not secure as somebody can see our pin Thank you ğŸ˜Š",4,2022-08-29,CBE Mobile Banking,Google Play,True,"['ğŸ‘', 'ğŸ˜’', 'ğŸ˜Š']"
Convenient and safe to use! Better to show more transaction history ğŸ‘,5,2024-12-14,CBE Mobile Banking,Google Play,True,['ğŸ‘']
"It's a shame,it can't performe well,you guys can't even fix a bug, It's getting unusable, shame shame shame ğŸ˜¡",1,2025-02-28,CBE Mobile Banking,Google Play,True,['ğŸ˜¡']
"While Travelling, I couldn't transfer money from my account to another. I had to deleteâŒ the app and re install and then wait until they give me authorization code.... too complicated.",1,2022-11-13,CBE Mobile Banking,Google Play,True,['âŒ']
the app has a bug and it keeps crashing ğŸ˜‘ please provide an update and fix the issue thank you....,3,2025-03-17,CBE Mobile Banking,Google Play,True,['ğŸ˜‘']
"We need more update soon! once I updated it, it authomatically stop workingğŸ˜­",1,2025-01-05,CBE Mobile Banking,Google Play,True,['ğŸ˜­']
My experience with this app is very bad. I just downloaded and installed this app and I stuck with the verification code. The app requested me to input the code without sending it. ğŸ˜¢,1,2020-10-19,CBE Mobile Banking,Google Play,True,['ğŸ˜¢']
"How can I trust a bank that doesn't have a cyber crime reporting mechanism. I recently traveled out of the country. After a week I got a text message stating that more than 1000bir withdrawn from my account without my knowledge. When I tried to download the receipt, it doesn't even work. I only know it was transfered to a Wegagen bank account via a POS machine. Please be carefull and take a lesson from me. ğŸ˜¡ğŸ˜¡ğŸ˜¡",1,2024-09-16,CBE Mobile Banking,Google Play,True,"['ğŸ˜¡', 'ğŸ˜¡', 'ğŸ˜¡']"
"Can got 0 â­ Please ! this App is completely Scam Becouse I made payment in other bank option in the App but the APP (-) mY BALANCE BUT NO successful notification to get screen shoot, no SMS and no Transaction history and I alerdy lost my mony becous my clint also does not get the mony i sent! I pay but I didn't got mony! stey away frim CBE",1,2024-05-19,CBE Mobile Banking,Google Play,True,['â­']
I excuted an order just once but this app has doubled it on it's own on my last order.With that I had to pay extra 100OETB unnecessarily. A bit of annoying ğŸ™„,1,2023-08-14,CBE Mobile Banking,Google Play,True,['ğŸ™„']
It is very funny and useless app. They developed the app either with lack of necessary technological knowledge or purposely to manipulate their customers. A huge shame for such kinda influential company.ğŸ‘ğŸ‘,1,2023-12-05,CBE Mobile Banking,Google Play,True,"['ğŸ‘', 'ğŸ‘']"
The New realese is just WOW every feature is very importat and mostly the verification was an important feature. Thank you CBE APP Developer teamğŸ‘,4,2024-02-14,CBE Mobile Banking,Google Play,True,['ğŸ‘']
It makes life easy!ğŸ‘Œ,5,2025-05-24,CBE Mobile Banking,Google Play,True,['ğŸ‘Œ']
You should be boa b/c the app active by self so please ğŸ™ arrange now and for activation service l was pay 20 birr this is unfair,1,2024-12-27,CBE Mobile Banking,Google Play,True,['ğŸ™']
it is Very Useful app ğŸ‘,5,2025-04-07,CBE Mobile Banking,Google Play,True,['ğŸ‘']
I'm lucky to have thisğŸ™ thank you CBE.,5,2025-04-01,CBE Mobile Banking,Google Play,True,['ğŸ™']
i can't access this app without turning off the developer option mode ğŸ¤¬ğŸ‘,1,2025-01-02,CBE Mobile Banking,Google Play,True,"['ğŸ¤¬', 'ğŸ‘']"
Reliable & Simplified ServiceğŸ‰ğŸ’œğŸ™ğŸ™,5,2025-01-18,CBE Mobile Banking,Google Play,True,"['ğŸ‰', 'ğŸ’œ', 'ğŸ™', 'ğŸ™']"
I gave it 5ğŸŒŸ BC this app deserves. Thank you for your services. Appreciated.,5,2025-02-19,CBE Mobile Banking,Google Play,True,['ğŸŒŸ']
The great app and banking system ğŸ¤©,5,2025-01-16,CBE Mobile Banking,Google Play,True,['ğŸ¤©']
"I love it.it makes payment easier for me.as i don't like going to banks and wait and waste my time,i found this app very helpful and important . 5â­",5,2021-11-05,CBE Mobile Banking,Google Play,True,['â­']
I realy hate this app it simply keep on saying that your device is rooted you can't use this ap when my device is not rooted so you better consult an android developerâœŒï¸ so one star is too much....,1,2021-06-19,CBE Mobile Banking,Google Play,True,['âœŒ']
This up is very good only problem is no access of seeing your balance Otherwise it is very easy to you use and its so fast just work on that above mentioned Stay blessed ğŸ™ğŸ™ğŸ™â¤ï¸,5,2022-09-03,CBE Mobile Banking,Google Play,True,"['ğŸ™', 'ğŸ™', 'ğŸ™', 'â¤']"
The Updated version of the app is awesome. Really Enjoyable to got sealed Receipts with barcode.ğŸ™ğŸ™,5,2024-02-12,CBE Mobile Banking,Google Play,True,"['ğŸ™', 'ğŸ™']"
"Continuous updates of the app makes it easy, fast, and secure to use. I feel safe and secured to use this app. Thanks CBEğŸ™",5,2024-02-11,CBE Mobile Banking,Google Play,True,['ğŸ™']
Good update ğŸ‘ğŸ‘ Scanning Qr code for receipt and receive money via qr code is good. But please make the CBEBirr app work easly like this it's not working on android version under 8.,5,2024-02-11,CBE Mobile Banking,Google Play,True,"['ğŸ‘', 'ğŸ‘']"
It's easy and convenient ğŸ™Œ,5,2024-12-17,CBE Mobile Banking,Google Play,True,['ğŸ™Œ']
"The Commercial Bank of Ethiopia (CBE) is a pillar of financial strength and stability in Ethiopia. As the largest and most established bank in the country, it fosters economic growth, promotes financial inclusion, and supports businesses of all sizes. CBEâ€™s mobile banking app enhances convenience by enabling millions to access banking services anytime, anywhere. Keep up Good workâ¤.",5,2024-11-09,CBE Mobile Banking,Google Play,True,['â¤']
it's very good ğŸ‘ app,5,2025-04-27,CBE Mobile Banking,Google Play,True,['ğŸ‘']
it's very nice ğŸ‘.,5,2025-03-30,CBE Mobile Banking,Google Play,True,['ğŸ‘']
okay ğŸ‘ but sometimes busy,1,2025-05-03,CBE Mobile Banking,Google Play,True,['ğŸ‘']
always CBE is the leading Commercial BankğŸ’ªğŸ’ªğŸ’ª,5,2025-04-18,CBE Mobile Banking,Google Play,True,"['ğŸ’ª', 'ğŸ’ª', 'ğŸ’ª']"
I was looking for this application and finally succeeded. It's wonderful application to receive and send money with the speed of light. Thank you so much CBE. I wish you all CBE staffs happy new year. May this year be the year of peace and prosperity for all and everyone. HAPPY ETHIOPIAN NEW YEAR!!! #2017 E.C.ğŸ¦,5,2024-09-09,CBE Mobile Banking,Google Play,True,['ğŸ¦']
This app is loser app I ever seen.this app is it's not working in verification code.the verification code is not sending!!!ğŸ˜¡ğŸ˜¡ğŸ˜¤,1,2022-02-07,CBE Mobile Banking,Google Play,True,"['ğŸ˜¡', 'ğŸ˜¡', 'ğŸ˜¤']"
"Eventhough,this's the biggest bank in Ethiopia there is a deep problem on it's application. NO NETWORK everytime ğŸ˜”",2,2023-06-01,CBE Mobile Banking,Google Play,True,['ğŸ˜”']
Well designed user interface and easy to use! Great app! Good job developers!âœ”âœ”âœ”,5,2020-09-11,CBE Mobile Banking,Google Play,True,"['âœ”', 'âœ”', 'âœ”']"
That's a good app but it 's more fun if you add features like weekly report download in PDF and that's why I gave you 4â­.,4,2022-04-15,CBE Mobile Banking,Google Play,True,['â­']
"really appreciate and useful ğŸ‘ app ..and happy if u can use more access to buy air tickets, get loans, ....etc...but honestly so glad to use this app..thanks",5,2020-09-02,CBE Mobile Banking,Google Play,True,['ğŸ‘']
This app is verry interesting app ever almost add free and when comparing with other compitant banks app this app more great it work on less data best RTOSğŸ‘ŒğŸ‘ŒğŸ‘Œ,5,2024-03-18,CBE Mobile Banking,Google Play,True,"['ğŸ‘Œ', 'ğŸ‘Œ', 'ğŸ‘Œ']"
I really loved this app. So much easy and make my transaction's and payment's easy. Great app ğŸ‘,4,2022-01-20,CBE Mobile Banking,Google Play,True,['ğŸ‘']
"CBE Mobile banking app is very easy, simple and full of technology. I thank the innovator of this systemğŸ™ğŸ™ğŸ™ğŸ™",5,2024-05-04,CBE Mobile Banking,Google Play,True,"['ğŸ™', 'ğŸ™', 'ğŸ™', 'ğŸ™']"
I've experienced the best and simple mobile banking I ever had. The latest version is good ğŸ‘,5,2023-04-23,CBE Mobile Banking,Google Play,True,['ğŸ‘']
fast & perfect with a good new feuture. thanks & keep it upğŸ™,5,2021-08-30,CBE Mobile Banking,Google Play,True,['ğŸ™']
This application is very useful I do like it Thank you so much Ethiopian Commercial Bank really you are the best â¤ï¸ğŸ‘ Please keep it up,5,2021-01-23,CBE Mobile Banking,Google Play,True,"['â¤', 'ğŸ‘']"
"It's not consistent. Now you can use , tomorrow you can't. Until then you don't know when's goin to be fixed ğŸ˜•",3,2023-07-03,CBE Mobile Banking,Google Play,True,['ğŸ˜•']
This is a very good app that every customer should be able to be a bank for him/her selfğŸ‘ğŸ‘,5,2021-07-30,CBE Mobile Banking,Google Play,True,"['ğŸ‘', 'ğŸ‘']"
ğŸ‘‰it can not download the receipt when we transferred what is the reason? please we need the receipt so that come on to solution!,1,2024-03-30,CBE Mobile Banking,Google Play,True,['ğŸ‘‰']
Not wotking properly & shows payment failed but already sent z found . this is so bad for country bank appğŸ˜‚,1,2024-08-08,CBE Mobile Banking,Google Play,True,['ğŸ˜‚']
Great app convenient for making payments and transactions. Tnxs CBE ğŸ‘ğŸ‘ğŸ‘,5,2024-12-06,CBE Mobile Banking,Google Play,True,"['ğŸ‘', 'ğŸ‘', 'ğŸ‘']"
The Best appğŸ˜ğŸ˜ğŸ˜,5,2025-03-31,CBE Mobile Banking,Google Play,True,"['ğŸ˜', 'ğŸ˜', 'ğŸ˜']"
Why is the app malfunctioning after the update??? It was just fine before the update...ğŸ¤”ğŸ¤”ğŸ¤”ğŸ¤”ğŸ¤”ğŸ¤”ğŸ¤”ğŸ¤”ğŸ¤”ğŸ¤”,1,2024-02-11,CBE Mobile Banking,Google Play,True,"['ğŸ¤”', 'ğŸ¤”', 'ğŸ¤”', 'ğŸ¤”', 'ğŸ¤”', 'ğŸ¤”', 'ğŸ¤”', 'ğŸ¤”', 'ğŸ¤”', 'ğŸ¤”']"
"Fast and easy to use, simple app at all!ğŸ‘Œ",4,2024-10-13,CBE Mobile Banking,Google Play,True,['ğŸ‘Œ']
"Much better than the previous, simple and user friendly. ğŸ‘",5,2020-08-07,CBE Mobile Banking,Google Play,True,['ğŸ‘']
Easy to use and accessable from anywhere in the world ğŸŒ,5,2022-07-31,CBE Mobile Banking,Google Play,True,['ğŸŒ']
let me get this straight you have to go to the Bank to get the verification code ? for get it I leave abroad. I am trying to activate my swift account pending for three weeks I try to call the number no body picks up .ğŸ˜¡ğŸ˜¡ğŸ˜¡,1,2021-03-15,CBE Mobile Banking,Google Play,True,"['ğŸ˜¡', 'ğŸ˜¡', 'ğŸ˜¡']"
thank you very much and we are very very happy with your serviceğŸ¥°,5,2025-01-24,CBE Mobile Banking,Google Play,True,['ğŸ¥°']
Its so busy when you open the recent transaction optionğŸ‘ğŸ‘ğŸ‘ğŸ‘,1,2023-01-10,CBE Mobile Banking,Google Play,True,"['ğŸ‘', 'ğŸ‘', 'ğŸ‘', 'ğŸ‘']"
I like this app! it's easy to use and quite flexible. it's nice ğŸ‘,5,2024-11-19,CBE Mobile Banking,Google Play,True,['ğŸ‘']
am happy thank you CBEğŸ«¡,5,2025-03-30,CBE Mobile Banking,Google Play,True,['ğŸ«¡']
I don't agreed what you are doing on my account regarding of commission payment of this apk. bcz I'm paying for transfer to other so why commission pyt is necessary or tell us and we can go to other banks if your users more bigger than you think ğŸ™„ Is it 5birr is balance pls diminish it,1,2024-07-05,CBE Mobile Banking,Google Play,True,['ğŸ™„']
Very good simple and easy app thank you very much Ethiopian commercial Bank ğŸ‘ğŸ‘ ğŸ§,5,2024-09-15,CBE Mobile Banking,Google Play,True,"['ğŸ‘', 'ğŸ‘', 'ğŸ§']"
"Awesome and very simple to use, love itğŸ‘ğŸ½",5,2024-12-13,CBE Mobile Banking,Google Play,True,"['ğŸ‘', 'ğŸ½']"
the pride of Ethiopian bank ğŸ¦,5,2025-05-08,CBE Mobile Banking,Google Play,True,['ğŸ¦']
It's bestğŸ‘. But it stops while changing simcard.,5,2024-02-06,CBE Mobile Banking,Google Play,True,['ğŸ‘']
Nice ğŸ‘ this is app,5,2025-02-23,CBE Mobile Banking,Google Play,True,['ğŸ‘']
this updated version is ANNOYING!! Doesn't work at all!! ğŸ˜¡ğŸ‘ºğŸ¤¬ğŸ˜¾,1,2024-05-01,CBE Mobile Banking,Google Play,True,"['ğŸ˜¡', 'ğŸ‘º', 'ğŸ¤¬', 'ğŸ˜¾']"
Very poor application it doesn't work in all smart phonesâ˜ºï¸â˜ºï¸â˜ºï¸,1,2024-04-26,CBE Mobile Banking,Google Play,True,"['â˜º', 'â˜º', 'â˜º']"
It's too smooth and easy to use versionğŸ˜,5,2024-03-12,CBE Mobile Banking,Google Play,True,['ğŸ˜']
It's Great App ğŸ’ªğŸ¼wow which i like it z mostğŸ‘ŒğŸ¼ but please add biometric authentication,5,2024-09-01,CBE Mobile Banking,Google Play,True,"['ğŸ’ª', 'ğŸ¼', 'ğŸ‘Œ', 'ğŸ¼']"
it's really frustrating ğŸ˜• it works on it's own terms ğŸ˜’,1,2024-02-15,CBE Mobile Banking,Google Play,True,"['ğŸ˜•', 'ğŸ˜’']"
better user interface and very fast ğŸ‘ğŸ‘,4,2020-08-17,CBE Mobile Banking,Google Play,True,"['ğŸ‘', 'ğŸ‘']"
Very slow and worst doesn't work good ğŸ™ƒ,1,2021-10-14,CBE Mobile Banking,Google Play,True,['ğŸ™ƒ']
Good Interface and user frendly app great work cbeğŸ‘ğŸ»,4,2021-08-05,CBE Mobile Banking,Google Play,True,"['ğŸ‘', 'ğŸ»']"
Good improvementğŸ‘ number one app with in the bank industry.,5,2023-05-18,CBE Mobile Banking,Google Play,True,['ğŸ‘']
Awesome app keep up the good work ğŸ‘,5,2021-07-22,CBE Mobile Banking,Google Play,True,['ğŸ‘']
"This app taking 10 birr for every transaction, This is not fair,ğŸ¤¬",1,2023-11-16,CBE Mobile Banking,Google Play,True,['ğŸ¤¬']
Really I like the new update. I rate it â˜ºï¸â˜ºï¸,5,2021-01-28,CBE Mobile Banking,Google Play,True,"['â˜º', 'â˜º']"
You do good on upgrading the app keep it upğŸ‘,4,2020-10-18,CBE Mobile Banking,Google Play,True,['ğŸ‘']
Thanks for service ğŸ™ and helping people's,5,2023-10-16,CBE Mobile Banking,Google Play,True,['ğŸ™']
Nice.....it is providing services exceptionally quickly. thanks ğŸ‘‚,4,2024-04-20,CBE Mobile Banking,Google Play,True,['ğŸ‘‚']
Preferable and No #1 mobile banking appn!!just wow... ğŸ™,4,2024-02-11,CBE Mobile Banking,Google Play,True,['ğŸ™']
It's easy to be used loveable appğŸ‘,5,2023-11-09,CBE Mobile Banking,Google Play,True,['ğŸ‘']
"Excellent. But, the service charge is insane ğŸ˜­",5,2023-12-26,CBE Mobile Banking,Google Play,True,['ğŸ˜­']
Very nice and well designed! ğŸ™,5,2023-12-09,CBE Mobile Banking,Google Play,True,['ğŸ™']
"Error free, user friendly best appğŸ™",4,2024-09-14,CBE Mobile Banking,Google Play,True,['ğŸ™']
"Why is this not working on Sunday, specifically now. I'm disappointed about this. This is not expected from a large organization like CBEğŸ˜¡ğŸ˜¡",1,2023-12-03,CBE Mobile Banking,Google Play,True,"['ğŸ˜¡', 'ğŸ˜¡']"
Very good ğŸ˜Š but it have errors,3,2024-05-05,CBE Mobile Banking,Google Play,True,['ğŸ˜Š']
"I like it ,it is nice ğŸ‘ŒğŸ‘ŒğŸ‘Œ but in the*889# its better to be the choice in recently used rather than as it was .",5,2022-12-25,CBE Mobile Banking,Google Play,True,"['ğŸ‘Œ', 'ğŸ‘Œ', 'ğŸ‘Œ']"
"Faster and convertible,,,,,CBE AppğŸ‘ğŸ‘",5,2024-09-23,CBE Mobile Banking,Google Play,True,"['ğŸ‘', 'ğŸ‘']"
my phone is camon 20 pro but it can't install on phone it is so bored ğŸ˜´ğŸ˜´ğŸ˜´,1,2024-03-12,CBE Mobile Banking,Google Play,True,"['ğŸ˜´', 'ğŸ˜´', 'ğŸ˜´']"
Not working @ all! ğŸ˜¡ğŸ˜¡ğŸ˜¡ Older version was much more better!,1,2023-03-15,CBE Mobile Banking,Google Play,True,"['ğŸ˜¡', 'ğŸ˜¡', 'ğŸ˜¡']"
á‰ áŒ£áˆ á‰€áˆ‹áˆ áŠ¥áŠ“ áˆˆáˆ˜áŒ á‰€áˆ áˆá‰¹ á‹¨áˆ†áŠ áˆ˜á‰°áŒá‰ áˆªá‹« áŠá‹á¢á‰¥á‹™ áŠáŒˆáˆ­ áŠ á‰ƒáˆˆáˆˆáˆáŠ•á¢ I want to thank the developer of this software!(CBE)ğŸ™namaste,4,2023-01-05,CBE Mobile Banking,Google Play,True,['ğŸ™']
very nice ğŸ‘Œ app for android phone,5,2025-05-21,CBE Mobile Banking,Google Play,True,['ğŸ‘Œ']
It's excellent ğŸ‘Œ app,5,2024-12-16,CBE Mobile Banking,Google Play,True,['ğŸ‘Œ']
Better than the previous version. The update is good ğŸ‘,5,2024-03-11,CBE Mobile Banking,Google Play,True,['ğŸ‘']
"The activatin code that i got from the bank doesn't work, ğŸ˜¡",1,2020-12-31,CBE Mobile Banking,Google Play,True,['ğŸ˜¡']
What a nice and simple app ğŸ˜Š,5,2021-10-14,CBE Mobile Banking,Google Play,True,['ğŸ˜Š']
I love ğŸ’• it's easy and fast,5,2021-10-08,CBE Mobile Banking,Google Play,True,['ğŸ’•']
Very poor app ?! What the heck happened in this app ???ğŸ˜­ğŸ˜­,1,2024-02-07,CBE Mobile Banking,Google Play,True,"['ğŸ˜­', 'ğŸ˜­']"
This app doesn't run on rooted devices ğŸ˜¥,4,2024-02-13,CBE Mobile Banking,Google Play,True,['ğŸ˜¥']
Dear cbe this app is not comparable with 21century and pls try to solve it.ğŸ’€ğŸ’€ğŸ’€,1,2025-04-01,CBE Mobile Banking,Google Play,True,"['ğŸ’€', 'ğŸ’€', 'ğŸ’€']"
Nice app new pls dear make it perfect ğŸ¥°,5,2023-10-29,CBE Mobile Banking,Google Play,True,['ğŸ¥°']
it's a good application ğŸ‘,5,2025-05-21,CBE Mobile Banking,Google Play,True,['ğŸ‘']
Easy and fast ğŸ‘Œ,5,2024-02-28,CBE Mobile Banking,Google Play,True,['ğŸ‘Œ']
a very nice app.ğŸ‘ğŸ‘ğŸ‘,5,2025-04-01,CBE Mobile Banking,Google Play,True,"['ğŸ‘', 'ğŸ‘', 'ğŸ‘']"
you must added dark mode options â—,3,2025-03-25,CBE Mobile Banking,Google Play,True,['â—']
It is easiest app i ever seen ğŸ¤·â€â™‚ï¸ğŸ¤·â€â™‚ï¸,5,2022-12-27,CBE Mobile Banking,Google Play,True,"['ğŸ¤·', 'â™‚', 'ğŸ¤·', 'â™‚']"
It is very nice and professional ğŸ‘Œ,5,2022-02-12,CBE Mobile Banking,Google Play,True,['ğŸ‘Œ']
Great Mobile Banking Apps from great bankğŸ’ğŸ’ğŸ’ğŸ’ğŸ’ğŸ’ğŸ’ğŸ’,5,2023-06-16,CBE Mobile Banking,Google Play,True,"['ğŸ’', 'ğŸ’', 'ğŸ’', 'ğŸ’', 'ğŸ’', 'ğŸ’', 'ğŸ’', 'ğŸ’']"
That is good bank but there is something wrong ğŸ˜•,2,2023-03-04,CBE Mobile Banking,Google Play,True,['ğŸ˜•']
"best, simple, efficient ...... ğŸ‘ğŸ‘ğŸ‘ğŸ‘ğŸ‘ğŸ‘",5,2023-09-09,CBE Mobile Banking,Google Play,True,"['ğŸ‘', 'ğŸ‘', 'ğŸ‘', 'ğŸ‘', 'ğŸ‘', 'ğŸ‘']"
Sometimes it's too annoying ğŸ™„.,4,2022-02-05,CBE Mobile Banking,Google Play,True,['ğŸ™„']
They are giving good servicesâ¤,5,2023-11-06,CBE Mobile Banking,Google Play,True,['â¤']
Home page Loading for 5 min on 4G net are you kidding meğŸ˜¬ğŸ˜¬,1,2021-01-02,CBE Mobile Banking,Google Play,True,"['ğŸ˜¬', 'ğŸ˜¬']"
The best way to get rid of my life thank you so much â¤ï¸,5,2023-12-22,CBE Mobile Banking,Google Play,True,['â¤']
why why u remove screen shootğŸ˜¡ğŸ˜¡,2,2025-03-26,CBE Mobile Banking,Google Play,True,"['ğŸ˜¡', 'ğŸ˜¡']"
It's the best app comper another local banks ğŸ™ğŸ™Tnks cbe developers,5,2023-10-25,CBE Mobile Banking,Google Play,True,"['ğŸ™', 'ğŸ™']"
ITS So easy and fast âœ”âœ”âœ”âœ”âœ”âœ”âœ”,5,2024-08-10,CBE Mobile Banking,Google Play,True,"['âœ”', 'âœ”', 'âœ”', 'âœ”', 'âœ”', 'âœ”', 'âœ”']"
One of the fastest mobile banking app in Ethiopia thank you CBE ğŸ™,5,2024-04-20,CBE Mobile Banking,Google Play,True,['ğŸ™']
The best app ğŸ‘Œ I love it easy to use,5,2022-02-18,CBE Mobile Banking,Google Play,True,['ğŸ‘Œ']
It's good app and upgrade day to day thanks i given five star okay â¤ï¸,5,2023-10-30,CBE Mobile Banking,Google Play,True,['â¤']
The most comfortable app... fast booom ğŸ¥°ğŸ¥°,5,2024-01-07,CBE Mobile Banking,Google Play,True,"['ğŸ¥°', 'ğŸ¥°']"
I LIKED THIS APP ğŸ˜ŠMAY IT WILL NEW UPDATIONS SOON THANKSğŸ˜Š,5,2023-01-29,CBE Mobile Banking,Google Play,True,"['ğŸ˜Š', 'ğŸ˜Š']"
Wow amazing app for all!â¤ï¸,5,2023-11-25,CBE Mobile Banking,Google Play,True,['â¤']
For me it was really comfortable ğŸ˜Œ,5,2022-02-12,CBE Mobile Banking,Google Play,True,['ğŸ˜Œ']
This one of the best app for my money ğŸ˜œ,5,2022-08-05,CBE Mobile Banking,Google Play,True,['ğŸ˜œ']
Very nice application ğŸ‘.,5,2021-02-08,CBE Mobile Banking,Google Play,True,['ğŸ‘']
Not working my application 20 days olmost I'm not in ethiophia now ğŸ˜¢,1,2024-01-06,CBE Mobile Banking,Google Play,True,['ğŸ˜¢']
Fast and good appğŸ™,3,2024-02-24,CBE Mobile Banking,Google Play,True,['ğŸ™']
worst app I didn't even see my latest statement ğŸ˜’,1,2023-11-14,CBE Mobile Banking,Google Play,True,['ğŸ˜’']
Nice App!! keep going ğŸ‘,5,2023-02-04,CBE Mobile Banking,Google Play,True,['ğŸ‘']
the latest update was bestâ¤â¤,5,2024-02-15,CBE Mobile Banking,Google Play,True,"['â¤', 'â¤']"
"Please improve your transferring systems , ??ğŸ‘",4,2022-03-07,CBE Mobile Banking,Google Play,True,['ğŸ‘']
This is very good app ğŸ‘ ğŸ‘Œ ğŸ‘,5,2021-12-13,CBE Mobile Banking,Google Play,True,"['ğŸ‘', 'ğŸ‘Œ', 'ğŸ‘']"
The app. doesnt workğŸ™„ğŸ™„Smh,1,2021-05-18,CBE Mobile Banking,Google Play,True,"['ğŸ™„', 'ğŸ™„']"
Better view but less performance Why?ğŸ™„,3,2021-01-06,CBE Mobile Banking,Google Play,True,['ğŸ™„']
The best way..i like it#1ğŸ‘,5,2024-09-26,CBE Mobile Banking,Google Play,True,['ğŸ‘']
really it's good appğŸ¥°ğŸ¥°ğŸ¥°,5,2023-08-02,CBE Mobile Banking,Google Play,True,"['ğŸ¥°', 'ğŸ¥°', 'ğŸ¥°']"
"áˆµáŒá‰¥áŒá‰¥ , Unfair (Tele + CBE )ğŸ˜«",2,2024-11-23,CBE Mobile Banking,Google Play,True,['ğŸ˜«']
CONGRATULATIONS!!!! YOU GOT â­,5,2023-11-03,CBE Mobile Banking,Google Play,True,['â­']
I really love this App It's amazing ğŸ™,5,2024-11-11,CBE Mobile Banking,Google Play,True,['ğŸ™']
This app is so strongğŸ’ª,2,2024-10-07,CBE Mobile Banking,Google Play,True,['ğŸ’ª']
Such a great appğŸ˜˜,5,2024-10-16,CBE Mobile Banking,Google Play,True,['ğŸ˜˜']
I really don't like it ğŸ˜•,1,2024-02-25,CBE Mobile Banking,Google Play,True,['ğŸ˜•']
I'm satisfied with this app.â¤â¤,5,2024-04-30,CBE Mobile Banking,Google Play,True,"['â¤', 'â¤']"
That's is really good ğŸ‘ I like CBE,5,2024-08-08,CBE Mobile Banking,Google Play,True,['ğŸ‘']
"Dark mode âŒ, why? ğŸ§",2,2024-01-30,CBE Mobile Banking,Google Play,True,"['âŒ', 'ğŸ§']"
Please Add A dark themeğŸ˜­ğŸ˜­,1,2025-01-06,CBE Mobile Banking,Google Play,True,"['ğŸ˜­', 'ğŸ˜­']"
Wonderful App. Thank youğŸ‘,5,2023-06-06,CBE Mobile Banking,Google Play,True,['ğŸ‘']
Smart app I love it ğŸ‘,5,2024-02-09,CBE Mobile Banking,Google Play,True,['ğŸ‘']
Good & Perfect ğŸ‘Œ,5,2024-12-06,CBE Mobile Banking,Google Play,True,['ğŸ‘Œ']
Smart app Thanks ğŸ‘ğŸ‘ğŸ‘,5,2022-05-16,CBE Mobile Banking,Google Play,True,"['ğŸ‘', 'ğŸ‘', 'ğŸ‘']"
I like this app doing great ğŸ¤™,4,2023-04-05,CBE Mobile Banking,Google Play,True,['ğŸ¤™']
Its very nice!ğŸ‘Œ,5,2020-06-26,CBE Mobile Banking,Google Play,True,['ğŸ‘Œ']
I love â¤ï¸ ğŸ˜ ğŸ’– â£ï¸ ğŸ’•,5,2025-01-21,CBE Mobile Banking,Google Play,True,"['â¤', 'ğŸ˜', 'ğŸ’–', 'â£', 'ğŸ’•']"
It's not bad ğŸ‘,2,2025-02-10,CBE Mobile Banking,Google Play,True,['ğŸ‘']
Best Appi forever â™¾ï¸,5,2023-08-29,CBE Mobile Banking,Google Play,True,['â™¾']
This app is awesome ğŸ‘,5,2023-03-05,CBE Mobile Banking,Google Play,True,['ğŸ‘']
No commente keep working ğŸ‘,5,2022-10-27,CBE Mobile Banking,Google Play,True,['ğŸ‘']
Wow good work ğŸ¤,4,2023-12-13,CBE Mobile Banking,Google Play,True,['ğŸ¤']
It's really nice ğŸ‘,5,2023-10-07,CBE Mobile Banking,Google Play,True,['ğŸ‘']
ğŸ‘good Job's,5,2024-02-15,CBE Mobile Banking,Google Play,True,['ğŸ‘']
How can I get verification Code lolğŸ¤”?,3,2021-08-16,CBE Mobile Banking,Google Play,True,['ğŸ¤”']
A very cool appğŸ‘ğŸ½ğŸ‘ğŸ½ğŸ‘ğŸ½,5,2023-03-08,CBE Mobile Banking,Google Play,True,"['ğŸ‘', 'ğŸ½', 'ğŸ‘', 'ğŸ½', 'ğŸ‘', 'ğŸ½']"
I like it !ğŸ¥°,5,2023-10-17,CBE Mobile Banking,Google Play,True,['ğŸ¥°']
That was good appğŸ˜,5,2024-10-13,CBE Mobile Banking,Google Play,True,['ğŸ˜']
I love last update ğŸŒ¹,5,2022-06-19,CBE Mobile Banking,Google Play,True,['ğŸŒ¹']
Very nice app ğŸ‘Œ,5,2021-10-06,CBE Mobile Banking,Google Play,True,['ğŸ‘Œ']
I can't change my pin.ğŸ˜¢,4,2024-08-10,CBE Mobile Banking,Google Play,True,['ğŸ˜¢']
I hate this app ğŸ˜’,1,2025-05-22,CBE Mobile Banking,Google Play,True,['ğŸ˜’']
Worst app in the world ğŸŒ,1,2024-01-03,CBE Mobile Banking,Google Play,True,['ğŸŒ']
I love the app ğŸ¤©,4,2023-11-03,CBE Mobile Banking,Google Play,True,['ğŸ¤©']
This bank is one of worst bank stealing poor peoples money ğŸ˜­,1,2024-12-17,CBE Mobile Banking,Google Play,True,['ğŸ˜­']
"If It fails, you become the richest person over night. ğŸ˜Š",5,2024-05-30,CBE Mobile Banking,Google Play,True,['ğŸ˜Š']
Good luck tanks ğŸ˜,5,2024-11-02,CBE Mobile Banking,Google Play,True,['ğŸ˜']
This app sometimes ğŸ›‘,1,2024-09-26,CBE Mobile Banking,Google Play,True,['ğŸ›‘']
So far soooo good ğŸ‘,5,2021-06-25,CBE Mobile Banking,Google Play,True,['ğŸ‘']
This app worse ğŸ˜­,1,2024-03-09,CBE Mobile Banking,Google Play,True,['ğŸ˜­']
the best oneâ¤,5,2024-07-04,CBE Mobile Banking,Google Play,True,['â¤']
Worst update ever ğŸ‘ ğŸ‘,1,2024-02-12,CBE Mobile Banking,Google Play,True,"['ğŸ‘', 'ğŸ‘']"
Worst app everğŸ¤®ğŸ¤®,1,2023-07-28,CBE Mobile Banking,Google Play,True,"['ğŸ¤®', 'ğŸ¤®']"
My Favorite Bankâ¤,5,2023-09-28,CBE Mobile Banking,Google Play,True,['â¤']
It the best one ğŸ’¯,5,2023-12-01,CBE Mobile Banking,Google Play,True,['ğŸ’¯']
Wow Ethio Tele ğŸ¤¯ğŸ¤£ğŸ¤£ğŸ¤£ğŸ¤£,3,2024-10-11,CBE Mobile Banking,Google Play,True,"['ğŸ¤¯', 'ğŸ¤£', 'ğŸ¤£', 'ğŸ¤£', 'ğŸ¤£']"
It deserves 5 ğŸŒŸ now.,5,2020-09-18,CBE Mobile Banking,Google Play,True,['ğŸŒŸ']
I am proud ğŸ‘,5,2023-07-30,CBE Mobile Banking,Google Play,True,['ğŸ‘']
Wow this App ğŸ‘ ğŸ‘Œ,5,2024-06-15,CBE Mobile Banking,Google Play,True,"['ğŸ‘', 'ğŸ‘Œ']"
Ow ğŸ¤ğŸ¤ğŸ¤ cbe app mobanking,4,2024-08-02,CBE Mobile Banking,Google Play,True,"['ğŸ¤', 'ğŸ¤', 'ğŸ¤']"
á‰ á‹¨á‹ˆáˆ© áŠ á•á‹°á‰µ áŠ¥á‹¨áŒ á‹¨á‰€áŠ áŠá‹ áˆˆáŠáŒˆáˆ© á‰¥áˆ­ áˆµáˆŒáˆˆáŠ á‹­áˆ†áŠ“áˆ áŠ¥áŠ“ áˆáŠ• áˆˆáˆ›áˆˆá‰µ áˆáˆáŒˆ áˆ˜áˆ°áˆ‹á‰¹ á‹ˆáˆ‹áˆ… á‰¼áŒáˆ®áŠ›áˆ ğŸ¥ºğŸ¥ºğŸ¥º,3,2025-04-01,CBE Mobile Banking,Google Play,True,"['ğŸ¥º', 'ğŸ¥º', 'ğŸ¥º']"
ExcellentğŸ™app,5,2025-04-01,CBE Mobile Banking,Google Play,True,['ğŸ™']
very nice ğŸ‘,5,2025-05-23,CBE Mobile Banking,Google Play,True,['ğŸ‘']
Good!ğŸ‘,3,2025-04-05,CBE Mobile Banking,Google Play,True,['ğŸ‘']
amazingğŸ‘ŒğŸ«¶ğŸ™,5,2025-03-21,CBE Mobile Banking,Google Play,True,"['ğŸ‘Œ', 'ğŸ«¶', 'ğŸ™']"
very good ğŸ‘ ğŸ‘,5,2025-03-31,CBE Mobile Banking,Google Play,True,"['ğŸ‘', 'ğŸ‘']"
Very GoodğŸ‘,5,2025-04-21,CBE Mobile Banking,Google Play,True,['ğŸ‘']
nice app ğŸ‘Œ,5,2025-04-12,CBE Mobile Banking,Google Play,True,['ğŸ‘Œ']
áˆáˆ­áŒ¥ áŠ á• áŠá‹ á‰°áˆ˜á‰½á‰¶áŠ›áˆâ¤â¤,3,2025-03-31,CBE Mobile Banking,Google Play,True,"['â¤', 'â¤']"
Good jobğŸ‘,5,2025-05-14,CBE Mobile Banking,Google Play,True,['ğŸ‘']
cool â¤,4,2025-04-04,CBE Mobile Banking,Google Play,True,['â¤']
good ğŸ‘,4,2025-05-21,CBE Mobile Banking,Google Play,True,['ğŸ‘']
Good ğŸ”¥,5,2025-04-14,CBE Mobile Banking,Google Play,True,['ğŸ”¥']
Ronaldo ğŸ‡µğŸ‡¹ ğŸ¥‡,5,2025-05-25,CBE Mobile Banking,Google Play,True,['ğŸ¥‡']
ğŸ¤¬ğŸ¤¬ğŸ¤¬ğŸ¤¬ network ğŸ›œ,1,2025-05-26,CBE Mobile Banking,Google Play,True,"['ğŸ¤¬', 'ğŸ¤¬', 'ğŸ¤¬', 'ğŸ¤¬', '\U0001f6dc']"
okay ğŸ‘ŒğŸ‘,5,2025-03-24,CBE Mobile Banking,Google Play,True,"['ğŸ‘Œ', 'ğŸ‘']"
100% â¤ï¸â¤ï¸â¤ï¸ğŸ™ğŸ™ğŸ™ğŸ™ğŸ™ğŸ™ğŸ™ğŸ™ğŸ™ğŸ™ğŸ™ğŸ™ğŸ™ğŸ™ğŸ™ğŸ™,5,2025-04-13,CBE Mobile Banking,Google Play,True,"['â¤', 'â¤', 'â¤', 'ğŸ™', 'ğŸ™', 'ğŸ™', 'ğŸ™', 'ğŸ™', 'ğŸ™', 'ğŸ™', 'ğŸ™', 'ğŸ™', 'ğŸ™', 'ğŸ™', 'ğŸ™', 'ğŸ™', 'ğŸ™', 'ğŸ™', 'ğŸ™']"
ğŸ‘,5,2025-03-30,CBE Mobile Banking,Google Play,True,['ğŸ‘']
ğŸ‘ŒğŸ‘,5,2025-06-04,CBE Mobile Banking,Google Play,True,"['ğŸ‘Œ', 'ğŸ‘']"
Bad security ğŸ”“,2,2025-02-28,CBE Mobile Banking,Google Play,True,['ğŸ”“']
So good ğŸ‘ ğŸ‘,5,2025-02-09,CBE Mobile Banking,Google Play,True,"['ğŸ‘', 'ğŸ‘']"
ğŸ¤™best,5,2025-01-28,CBE Mobile Banking,Google Play,True,['ğŸ¤™']
This appğŸ˜,5,2025-02-26,CBE Mobile Banking,Google Play,True,['ğŸ˜']
ğŸ‘,5,2025-03-04,CBE Mobile Banking,Google Play,True,['ğŸ‘']
â¤ï¸,5,2025-02-11,CBE Mobile Banking,Google Play,True,['â¤']
Very good ğŸ˜Š,3,2025-02-14,CBE Mobile Banking,Google Play,True,['ğŸ˜Š']
Smart appâ¤ï¸,5,2025-01-10,CBE Mobile Banking,Google Play,True,['â¤']
á‰ áŒ£áˆ áŠ áˆªá áˆ˜áŒˆáˆáŒŠá‹« áŠá‹ ğŸ‘,5,2025-01-04,CBE Mobile Banking,Google Play,True,['ğŸ‘']
Very Goods ğŸ‘,5,2025-01-04,CBE Mobile Banking,Google Play,True,['ğŸ‘']
Wowâ¤ğŸ™..,5,2025-01-22,CBE Mobile Banking,Google Play,True,"['â¤', 'ğŸ™']"
ğŸ‘ğŸ‘,4,2025-01-01,CBE Mobile Banking,Google Play,True,"['ğŸ‘', 'ğŸ‘']"
ğŸ™ğŸ™ğŸ™,4,2025-01-03,CBE Mobile Banking,Google Play,True,"['ğŸ™', 'ğŸ™', 'ğŸ™']"
ğŸ‘ğŸ‘ğŸ‘ğŸ‘ ğŸ‘ğŸ‘ğŸ‘ğŸ‘,3,2025-01-08,CBE Mobile Banking,Google Play,True,"['ğŸ‘', 'ğŸ‘', 'ğŸ‘', 'ğŸ‘', 'ğŸ‘', 'ğŸ‘', 'ğŸ‘', 'ğŸ‘']"
ğŸ‘,5,2025-01-19,CBE Mobile Banking,Google Play,True,['ğŸ‘']
â¤â¤ğŸ˜‚ğŸ˜‚,5,2025-01-07,CBE Mobile Banking,Google Play,True,"['â¤', 'â¤', 'ğŸ˜‚', 'ğŸ˜‚']"
ğŸ™ğŸ™,5,2024-12-31,CBE Mobile Banking,Google Play,True,"['ğŸ™', 'ğŸ™']"
ğŸ˜”,2,2025-01-28,CBE Mobile Banking,Google Play,True,['ğŸ˜”']
á‰°áŒ¨áˆ›áˆª á’áŠ• á‹¨áŒ£á‰µáŠ áˆ»áˆ« áˆ˜áŒ¨áˆ˜áˆ© á‰ áŒ£áˆáŒ¥áˆ©áŠá‹ áˆµáŒ á‰¥á‰€á‹ á‹¨áŠá‰ áˆ¨ áŠá‹á‰¸áˆ­áŠá‹ğŸ‘,5,2024-12-25,CBE Mobile Banking,Google Play,True,['ğŸ‘']
Nice ğŸ‘ app ğŸ’¯ ğŸ™,5,2024-12-26,CBE Mobile Banking,Google Play,True,"['ğŸ‘', 'ğŸ’¯', 'ğŸ™']"
Tajaajilaa gaarii ğŸ¤©,5,2024-12-26,CBE Mobile Banking,Google Play,True,['ğŸ¤©']
Etyo ğŸ‘ŒğŸ‘ŒğŸ‘ŒğŸŒğŸŒ,5,2024-12-19,CBE Mobile Banking,Google Play,True,"['ğŸ‘Œ', 'ğŸ‘Œ', 'ğŸ‘Œ', 'ğŸŒ', 'ğŸŒ']"
ğŸ™,5,2025-01-01,CBE Mobile Banking,Google Play,True,['ğŸ™']
áŠ áŠ•á‹³áŠ•á‹´ á‹¨á‰€áˆª áˆ’áˆ³á‰¥ á‹áˆ­á‹áˆ­ áŠ á‹«áˆ³á‹­áˆ áŠ¨á‹› á‹áŒª i love it .ğŸ˜. !,5,2024-05-03,CBE Mobile Banking,Google Play,True,['ğŸ˜']
áŠ áˆ¨ á‹ˆáŒª áŒˆá‰¢á‹¬áŠ• á‰ áˆµáˆ­áŠ á‰µ áŠ áˆ³á‹ªáŠ ğŸ™ğŸ™ğŸ™ áˆ‚áˆ³á‰¦á‰½ á‰¥áˆ á‹¨áˆšá‹«áˆ˜áŒ£á‹ á‹¨á‰°á‹˜á‰ áˆ«áˆ¨á‰€,3,2024-07-12,CBE Mobile Banking,Google Play,True,"['ğŸ™', 'ğŸ™', 'ğŸ™']"
8838ğ‘’ğ‘ 935ğŸ„¹ğŸ…„ğŸ†€ğŸ˜ƒğŸ˜ƒğŸ˜ƒğŸ˜ƒá¨á¨á¨á¨áŒˆğŸ˜ƒá¨á§á¨á‰¸á‹Ÿá‹Ÿá‹ğŸ˜‚ğŸ˜‚ğŸ˜‚ ğŸ˜ğŸ˜ğŸ…¿ğŸ˜€ğŸ˜…ğŸ˜ğŸ˜ğŸ˜ğŸ˜,2,2024-07-06,CBE Mobile Banking,Google Play,True,"['ğŸ˜ƒ', 'ğŸ˜ƒ', 'ğŸ˜ƒ', 'ğŸ˜ƒ', 'ğŸ˜ƒ', 'ğŸ˜‚', 'ğŸ˜‚', 'ğŸ˜‚', 'ğŸ˜', 'ğŸ˜', 'ğŸ…¿', 'ğŸ˜€', 'ğŸ˜…', 'ğŸ˜', 'ğŸ˜', 'ğŸ˜', 'ğŸ˜']"
Very good ğŸ‘,4,2024-03-30,CBE Mobile Banking,Google Play,True,['ğŸ‘']
Nice business ğŸ˜œ,3,2024-02-26,CBE Mobile Banking,Google Play,True,['ğŸ˜œ']
Very good ğŸ‘,5,2024-10-05,CBE Mobile Banking,Google Play,True,['ğŸ‘']
Transaction problems ğŸ˜”,1,2024-09-06,CBE Mobile Banking,Google Play,True,['ğŸ˜”']
Wow ğŸ‘Œ great ğŸ‘,5,2024-09-08,CBE Mobile Banking,Google Play,True,"['ğŸ‘Œ', 'ğŸ‘']"
Best app ğŸ¤™,5,2024-09-22,CBE Mobile Banking,Google Play,True,['ğŸ¤™']
Best appğŸ‘,5,2024-02-27,CBE Mobile Banking,Google Play,True,['ğŸ‘']
Good ğŸ‘,3,2024-08-06,CBE Mobile Banking,Google Play,True,['ğŸ‘']
Awesome ğŸ˜,5,2024-02-11,CBE Mobile Banking,Google Play,True,['ğŸ˜']
Good ğŸ‘ğŸ‘ğŸ‘ğŸ˜Š,5,2024-06-05,CBE Mobile Banking,Google Play,True,"['ğŸ‘', 'ğŸ‘', 'ğŸ‘', 'ğŸ˜Š']"
ğŸ’¯ğŸ’¯ğŸ’¯ğŸ‘ŒğŸ‘ŒğŸ‘ŒğŸ‘ŒPerfect,5,2024-12-06,CBE Mobile Banking,Google Play,True,"['ğŸ’¯', 'ğŸ’¯', 'ğŸ’¯', 'ğŸ‘Œ', 'ğŸ‘Œ', 'ğŸ‘Œ', 'ğŸ‘Œ']"
Best ğŸ‘Œ,5,2024-04-14,CBE Mobile Banking,Google Play,True,['ğŸ‘Œ']
Good ğŸ‘,5,2024-09-17,CBE Mobile Banking,Google Play,True,['ğŸ‘']
BestğŸ‘Œ,5,2024-02-12,CBE Mobile Banking,Google Play,True,['ğŸ‘Œ']
Great ğŸ‘Œ,5,2024-05-17,CBE Mobile Banking,Google Play,True,['ğŸ‘Œ']
very goodğŸ‘ğŸ¾ğŸ‘ğŸ¾ğŸ‘ğŸ¾ğŸ‘ğŸ¾ğŸ‘ğŸ¾ğŸ‘ğŸ¾ğŸ‘ğŸ¾ğŸ‘ğŸ¾ğŸ‘ğŸ¾,5,2024-05-21,CBE Mobile Banking,Google Play,True,"['ğŸ‘', 'ğŸ¾', 'ğŸ‘', 'ğŸ¾', 'ğŸ‘', 'ğŸ¾', 'ğŸ‘', 'ğŸ¾', 'ğŸ‘', 'ğŸ¾', 'ğŸ‘', 'ğŸ¾', 'ğŸ‘', 'ğŸ¾', 'ğŸ‘', 'ğŸ¾', 'ğŸ‘', 'ğŸ¾']"
Smart ğŸ¤—ğŸ¤—ğŸ¤—,5,2024-06-17,CBE Mobile Banking,Google Play,True,"['ğŸ¤—', 'ğŸ¤—', 'ğŸ¤—']"
ğŸ‘ğŸ‘ğŸ‘ğŸ‘best,5,2024-04-11,CBE Mobile Banking,Google Play,True,"['ğŸ‘', 'ğŸ‘', 'ğŸ‘', 'ğŸ‘']"
So ğŸ‘ğŸ˜cooling,5,2024-02-12,CBE Mobile Banking,Google Play,True,"['ğŸ‘', 'ğŸ˜']"
"This app is a joke. It crashes more than it works, takes forever to load, and half the features are just decorative at this point. Canâ€™t log in, canâ€™t transfer money, canâ€™t even check my balance without it bugging out. To the developer: Are you actually trying to make this work, or is this some kind of social experiment to test our patience? Did you build this in your sleep? Because it definitely looks like it. If this is your idea of a functional app, maybe consider a different career pathğŸ™",1,2025-05-21,Bank of Abyssinia,Google Play,True,['ğŸ™']
What's wrong with App. this days? it doesn't working properly. 1) it's VERY SLOW & doesn't open. it's very Annoying. 2) most of the time it says repeatedly Please try it again or try it later but again and again it doesn't open or work. 3) repeatedly it says something went wrong then it off the screen. I've updated the App. when it needed but nothing changed. ğŸ‘‰PLEASE if it has some issues with the App. Please fix it otherwise I'm going to uninstall it.,2,2024-05-08,Bank of Abyssinia,Google Play,True,['ğŸ‘‰']
"Be careful of using this app to transfer large sums of money. Recently I can't top up my mobile card, can't pay tickets, can't transfer money to Telebirr. The *815# works but what's the use of an app if we're using USSD. It will refund your mobile top up days after failing to top up but I wouldn't want to risk that. I'm a big fan of BoA but I wouldn't recommend this app. ğŸ‘",1,2024-05-15,Bank of Abyssinia,Google Play,True,['ğŸ‘']
liking this application good ğŸ‘,5,2025-05-07,Bank of Abyssinia,Google Play,True,['ğŸ‘']
"Pretty good for a banking app, it still lacks some things with in the ui and with the speed of the app but overall it's a good application. Thank you 5/5ğŸ‘ğŸ»",5,2024-07-09,Bank of Abyssinia,Google Play,True,"['ğŸ‘', 'ğŸ»']"
No feature works correctly. Its always buffering and needs probably high data. So its useless ğŸ˜ğŸ˜ğŸ˜,2,2024-04-30,Bank of Abyssinia,Google Play,True,"['ğŸ˜', 'ğŸ˜', 'ğŸ˜']"
"Stop telling me what to do with my phone, BOA. Why does your newly updated app keep asking me to disable the developer options? Iâ€™m not slowing down my phone just to use your God damn app. ğŸ¤®ğŸ¤®ğŸ¤®ğŸ¤®",1,2024-10-04,Bank of Abyssinia,Google Play,True,"['ğŸ¤®', 'ğŸ¤®', 'ğŸ¤®', 'ğŸ¤®']"
I don't know why but your apps start out great then all of a sudden don't workğŸ¤·â€â™€ï¸,1,2024-11-28,Bank of Abyssinia,Google Play,True,"['ğŸ¤·', 'â™€']"
"Take some note from CBE mobile banking app, it's the best banking app currently take some note and improve ur app . Sometimes u have to learn from the bests ğŸ™Œ",1,2024-08-03,Bank of Abyssinia,Google Play,True,['ğŸ™Œ']
This app isn't working well on Tecno phone ğŸ“±. what is the error??,1,2024-04-29,Bank of Abyssinia,Google Play,True,['ğŸ“±']
Always there a problem with this app it says check your connection while connected ğŸ˜,1,2024-03-09,Bank of Abyssinia,Google Play,True,['ğŸ˜']
UGH ğŸ¤®ğŸ¤®ğŸ¤® they are super calculative when it CM 2 Mobile-banking or any online stuff. If ur degital!! better chose other bank.,1,2024-05-09,Bank of Abyssinia,Google Play,True,"['ğŸ¤®', 'ğŸ¤®', 'ğŸ¤®']"
More interactive and easy to use mobile appğŸ‘Œ,5,2024-02-29,Bank of Abyssinia,Google Play,True,['ğŸ‘Œ']
I can't believe that Abyssinia develop this kind of trash app it have a lot of issues ğŸ‘ğŸ‘ğŸ‘,1,2024-07-13,Bank of Abyssinia,Google Play,True,"['ğŸ‘', 'ğŸ‘', 'ğŸ‘']"
It's easy used to operate program and secured ğŸ‘ğŸ‘,4,2024-09-25,Bank of Abyssinia,Google Play,True,"['ğŸ‘', 'ğŸ‘']"
It is the worst app that I have ever downloaded. It crushes every time I log in ğŸ‘ ğŸ‘ ğŸ‘ ğŸ‘ ğŸ‘ ğŸ‘ ğŸ‘ ğŸ‘ ğŸ‘ ğŸ‘ ğŸ‘ ğŸ‘ ğŸ‘ ğŸ‘,1,2024-02-14,Bank of Abyssinia,Google Play,True,"['ğŸ‘', 'ğŸ‘', 'ğŸ‘', 'ğŸ‘', 'ğŸ‘', 'ğŸ‘', 'ğŸ‘', 'ğŸ‘', 'ğŸ‘', 'ğŸ‘', 'ğŸ‘', 'ğŸ‘', 'ğŸ‘', 'ğŸ‘']"
all the time updated but im not satisfy by boa mobile bancking ğŸ˜¡ğŸ˜¡ğŸ˜¡,1,2024-05-02,Bank of Abyssinia,Google Play,True,"['ğŸ˜¡', 'ğŸ˜¡', 'ğŸ˜¡']"
This app is going to the worest boa app everğŸ˜¡ It crushes every time login.,1,2024-05-02,Bank of Abyssinia,Google Play,True,['ğŸ˜¡']
Is it necessary to switch off developer options every time to use mobile banking?ğŸ¤”ğŸ¤”ğŸ˜¡ğŸ˜¡ğŸ˜¡,1,2024-08-04,Bank of Abyssinia,Google Play,True,"['ğŸ¤”', 'ğŸ¤”', 'ğŸ˜¡', 'ğŸ˜¡', 'ğŸ˜¡']"
It doesn't work on my 2 devices A05 and A34 ğŸ˜¡,1,2024-12-02,Bank of Abyssinia,Google Play,True,['ğŸ˜¡']
Plz fix the Apps ....screenshot lovation hide from glarey share botten not workğŸ˜”ğŸ˜”,1,2024-08-30,Bank of Abyssinia,Google Play,True,"['ğŸ˜”', 'ğŸ˜”']"
How to download or screenshot of payment receipt...what kinda worst app ever ğŸ¤®ğŸ¤®ğŸ¤¢,1,2024-09-11,Bank of Abyssinia,Google Play,True,"['ğŸ¤®', 'ğŸ¤®', 'ğŸ¤¢']"
"I am Aimohon Joel , It's can be Good for a Better Conversation in Time ğŸ™‚",3,2024-09-14,Bank of Abyssinia,Google Play,True,['ğŸ™‚']
The Bank I always love ğŸ˜˜ and work with them is priceless,5,2024-04-24,Bank of Abyssinia,Google Play,True,['ğŸ˜˜']
Your system is the worst you should do betterğŸ˜¡ğŸ˜¡ğŸ˜¡ğŸ˜¡ğŸ˜¡ğŸ˜¡,2,2024-12-11,Bank of Abyssinia,Google Play,True,"['ğŸ˜¡', 'ğŸ˜¡', 'ğŸ˜¡', 'ğŸ˜¡', 'ğŸ˜¡', 'ğŸ˜¡']"
Just make it work pleaseğŸ¤£ this is embarrassing for a bank of your size,1,2024-10-04,Bank of Abyssinia,Google Play,True,['ğŸ¤£']
Mostly not working ğŸ˜‘,1,2024-08-14,Bank of Abyssinia,Google Play,True,['ğŸ˜‘']
Now am confused upgrade or downgrade ğŸ¤”,1,2024-04-17,Bank of Abyssinia,Google Play,True,['ğŸ¤”']
FIX YOUR Apollo!! You guys where the best ğŸ‘Œ,1,2024-07-23,Bank of Abyssinia,Google Play,True,['ğŸ‘Œ']
It doesn't work ğŸ˜”,1,2024-05-07,Bank of Abyssinia,Google Play,True,['ğŸ˜”']
It is Good to save time ğŸ‘ŒğŸ‘Œ,3,2024-05-31,Bank of Abyssinia,Google Play,True,"['ğŸ‘Œ', 'ğŸ‘Œ']"
this is so disappointing app ğŸ˜,1,2024-07-31,Bank of Abyssinia,Google Play,True,['ğŸ˜']
Very Very nice ğŸ‘Œ ğŸ‘,5,2024-05-23,Bank of Abyssinia,Google Play,True,"['ğŸ‘Œ', 'ğŸ‘']"
The worest MB app ever!!ğŸ™„,1,2024-09-02,Bank of Abyssinia,Google Play,True,['ğŸ™„']
ğŸ¤” it stucks at 79%,1,2024-01-30,Bank of Abyssinia,Google Play,True,['ğŸ¤”']
Worse mobile banking ever ğŸ‘ğŸ‘,1,2024-03-29,Bank of Abyssinia,Google Play,True,"['ğŸ‘', 'ğŸ‘']"
Yegema app tishğŸª¨,1,2024-09-08,Bank of Abyssinia,Google Play,True,['ğŸª¨']
6r---â€œq##ğŸ‘º,2,2024-04-23,Bank of Abyssinia,Google Play,True,['ğŸ‘º']
it's really good ğŸ‘,5,2025-04-23,Bank of Abyssinia,Google Play,True,['ğŸ‘']
Good ğŸ‘,5,2025-01-03,Bank of Abyssinia,Google Play,True,['ğŸ‘']
ğŸ˜¡ğŸ˜¡ğŸ˜¡ğŸ¤¬ğŸ¤¬ğŸ¤¬,1,2025-01-16,Bank of Abyssinia,Google Play,True,"['ğŸ˜¡', 'ğŸ˜¡', 'ğŸ˜¡', 'ğŸ¤¬', 'ğŸ¤¬', 'ğŸ¤¬']"
GOAT ğŸ ğŸ,5,2024-11-19,Bank of Abyssinia,Google Play,True,"['ğŸ', 'ğŸ']"
ğŸ‘,5,2024-11-11,Bank of Abyssinia,Google Play,True,['ğŸ‘']
ğŸ‘ğŸ‘ğŸ‘,5,2024-11-24,Bank of Abyssinia,Google Play,True,"['ğŸ‘', 'ğŸ‘', 'ğŸ‘']"
â¤â¤â¤â¤â¤â¤,5,2024-11-12,Bank of Abyssinia,Google Play,True,"['â¤', 'â¤', 'â¤', 'â¤', 'â¤', 'â¤']"
Bad appğŸ“±ğŸ‘ğŸ‘ğŸ‘,1,2024-08-11,Bank of Abyssinia,Google Play,True,"['ğŸ“±', 'ğŸ‘', 'ğŸ‘', 'ğŸ‘']"
ğŸ¤·ğŸ¤·ğŸ¤·,3,2024-07-15,Bank of Abyssinia,Google Play,True,"['ğŸ¤·', 'ğŸ¤·', 'ğŸ¤·']"
ğŸ˜¡ğŸ˜¡ğŸ˜¡ğŸ˜¡ğŸ˜¡ğŸ˜¡ğŸ˜¡,1,2024-07-15,Bank of Abyssinia,Google Play,True,"['ğŸ˜¡', 'ğŸ˜¡', 'ğŸ˜¡', 'ğŸ˜¡', 'ğŸ˜¡', 'ğŸ˜¡', 'ğŸ˜¡']"
ğŸ˜ğŸ˜ğŸ˜ğŸ˜,1,2024-07-16,Bank of Abyssinia,Google Play,True,"['ğŸ˜', 'ğŸ˜', 'ğŸ˜', 'ğŸ˜']"
ğŸ‘ğŸ‘ğŸ‘ğŸ‘ğŸ‘ğŸ‘ğŸ‘ğŸ‘ğŸ‘,1,2024-08-06,Bank of Abyssinia,Google Play,True,"['ğŸ‘', 'ğŸ‘', 'ğŸ‘', 'ğŸ‘', 'ğŸ‘', 'ğŸ‘', 'ğŸ‘', 'ğŸ‘', 'ğŸ‘']"
áŠ¨á‹šáˆ… á‰µáˆá‰… á‰£áŠ•áŠ­ á‹¨áˆ›á‹­áŒ á‰ á‰… á‹µáŠ•á‹á‹á‹á‹ á‹«áˆˆ App.... á‹›áŒáŒáŒ áŠá‹ á‹«áˆ¨áŒˆáŠ ğŸ˜¡ğŸ˜¡ğŸ˜¡,1,2024-06-20,Bank of Abyssinia,Google Play,True,"['ğŸ˜¡', 'ğŸ˜¡', 'ğŸ˜¡']"
Good ğŸ‘,5,2024-06-07,Bank of Abyssinia,Google Play,True,['ğŸ‘']
Nice ğŸ¤™,5,2024-05-15,Bank of Abyssinia,Google Play,True,['ğŸ¤™']
ğŸ¥°ğŸ¥°ğŸ¥°ğŸ¥°ğŸ¥°,5,2024-05-23,Bank of Abyssinia,Google Play,True,"['ğŸ¥°', 'ğŸ¥°', 'ğŸ¥°', 'ğŸ¥°', 'ğŸ¥°']"
ğŸ‘ğŸ‘ğŸ‘,5,2024-06-12,Bank of Abyssinia,Google Play,True,"['ğŸ‘', 'ğŸ‘', 'ğŸ‘']"
ğŸ™ğŸ™ğŸ™,5,2024-07-05,Bank of Abyssinia,Google Play,True,"['ğŸ™', 'ğŸ™', 'ğŸ™']"
áŠ áˆáŠ• update á‹¨á‰°á‹°áˆ¨áŒˆá‹ App áˆáŠ•áˆ áŠá‹ á‹¨áˆ›á‹­áˆ°áˆ«á‹ áˆ˜áŠ¨áˆ«á‰½áŠ•áŠ• áŠ¥áŠ® áŠá‹ á‹«áˆ³á‹¨áŠ•ğŸ˜ğŸ˜),1,2024-05-05,Bank of Abyssinia,Google Play,True,"['ğŸ˜', 'ğŸ˜']"
Not working ğŸ˜•,1,2024-05-03,Bank of Abyssinia,Google Play,True,['ğŸ˜•']
ğŸ‘‘ğŸ‘‘,5,2024-04-29,Bank of Abyssinia,Google Play,True,"['ğŸ‘‘', 'ğŸ‘‘']"
ğŸ‘,1,2024-05-02,Bank of Abyssinia,Google Play,True,['ğŸ‘']
Best applicationğŸ‘Thank you ! Abyssinia bank.,5,2024-01-12,Bank of Abyssinia,Google Play,True,['ğŸ‘']
ğŸ‘,3,2024-01-11,Bank of Abyssinia,Google Play,True,['ğŸ‘']
ğŸ‘ğŸ‘ğŸ‘,5,2024-01-16,Bank of Abyssinia,Google Play,True,"['ğŸ‘', 'ğŸ‘', 'ğŸ‘']"
ğŸ˜,1,2024-02-25,Bank of Abyssinia,Google Play,True,['ğŸ˜']
"Nice to meet you my proud bank in Ethiopia.. I'm a member of this bank, i need to solve my problem of international receiving money for me from my online digital working service's over the world please? I'm working a lot of international money.But i can't get direct in Ethiopia because of don't knowing the legal ways of getting money in Ethiopia please can I get and direct deposit with BoA please ğŸ™ğŸ™ğŸ™?",5,2024-10-18,Bank of Abyssinia,Google Play,True,"['ğŸ™', 'ğŸ™', 'ğŸ™']"
Very bad ğŸ‘,2,2024-04-22,Bank of Abyssinia,Google Play,True,['ğŸ‘']
the bank you always accepted Bank of Abyssinia worldwide cyber bank of Ethiopia â­ï¸â­ï¸â­ï¸â­ï¸â­ï¸,5,2024-01-28,Bank of Abyssinia,Google Play,True,"['â­', 'â­', 'â­', 'â­', 'â­']"
Awesome ğŸ‘Œ,5,2024-08-12,Bank of Abyssinia,Google Play,True,['ğŸ‘Œ']
Good ğŸ‘,5,2025-01-31,Bank of Abyssinia,Google Play,True,['ğŸ‘']
GoodğŸ™,5,2025-01-12,Bank of Abyssinia,Google Play,True,['ğŸ™']
Great ğŸ‘,5,2025-01-04,Bank of Abyssinia,Google Play,True,['ğŸ‘']
ğŸ‘,5,2024-01-10,Bank of Abyssinia,Google Play,True,['ğŸ‘']
ğŸ‡ªğŸ‡¹ğŸ‡ªğŸ‡¹ğŸ‡ªğŸ‡¹ğŸ‡ªğŸ‡¹ğŸ‡ªğŸ‡¹ğŸ‡ªğŸ‡¹ğŸ‘ğŸ‘ğŸ‘ğŸ‘ğŸ‘ğŸ‘ğŸ‘,5,2025-02-04,Bank of Abyssinia,Google Play,True,"['ğŸ‘', 'ğŸ‘', 'ğŸ‘', 'ğŸ‘', 'ğŸ‘', 'ğŸ‘', 'ğŸ‘']"
ğŸ˜­ğŸ˜­ğŸ˜­ğŸ˜­ğŸ˜­ğŸ˜­ğŸ˜­,1,2024-06-05,Bank of Abyssinia,Google Play,True,"['ğŸ˜­', 'ğŸ˜­', 'ğŸ˜­', 'ğŸ˜­', 'ğŸ˜­', 'ğŸ˜­', 'ğŸ˜­']"
â¤,5,2024-04-13,Bank of Abyssinia,Google Play,True,['â¤']
ğŸ‘,5,2024-02-11,Bank of Abyssinia,Google Play,True,['ğŸ‘']
ğŸ‘,5,2024-01-28,Bank of Abyssinia,Google Play,True,['ğŸ‘']
ğŸ™,5,2024-04-23,Bank of Abyssinia,Google Play,True,['ğŸ™']
âœŒï¸âœŒï¸,5,2024-11-20,Bank of Abyssinia,Google Play,True,"['âœŒ', 'âœŒ']"
"I have an incredible experience with Dashen super app, what an amazing platform is it?. keep pioneering in technological advancement ğŸ‘ğŸ‘ğŸ‘",5,2025-04-21,Dashen Bank,Google Play,True,"['ğŸ‘', 'ğŸ‘', 'ğŸ‘']"
Excellent banking app for all your needs! Who needs a physical branch when you can use Dashen Bank Super App Instead! I've never had an issue with anything that Dashen Bank Super App haven't handled swiftly and resolved to my satisfaction and above I don't often write reviews but this is an app/bank that I would highly recommended to everyone ğŸ’¯ ğŸ‘ŒğŸ‘,5,2025-01-22,Dashen Bank,Google Play,True,"['ğŸ’¯', 'ğŸ‘Œ', 'ğŸ‘']"
I wanted to share some concerns about your Supper App. It appears to be experiencing reliability issues and isnâ€™t performing as expected. I hope this can be addressed soon to improve the user experience. One star ğŸŒŸ for now.,1,2025-03-19,Dashen Bank,Google Play,True,['ğŸŒŸ']
"The Dashen supperapp is a revolutionary advancement in digital banking, combining exceptional usability, an intuitive interface and a seamless user experience. among its standout features are the integration of QR codes, account statement, transaction advise, chat, transaction authentication for limit thresholds, budgeting and different app in a single dashboard. Truly ahead of the curve ..... keep up the excellent work ğŸ¤ğŸ‘",5,2025-04-21,Dashen Bank,Google Play,True,"['ğŸ¤', 'ğŸ‘']"
The app is very backward and doesn't always work. If it works three hours out of 24 hours it's great!ğŸ˜¥,1,2025-04-14,Dashen Bank,Google Play,True,['ğŸ˜¥']
All in One âœï¸secure âœï¸reliable âœï¸convenient. Digital banking game changer!!,5,2025-04-23,Dashen Bank,Google Play,True,"['âœ', 'âœ', 'âœ']"
"#dashen super app is easy to use, secure & fast transactionğŸ˜",5,2025-04-22,Dashen Bank,Google Play,True,['ğŸ˜']
So far so good! their in person customer service is amazing ğŸ‘,5,2025-04-14,Dashen Bank,Google Play,True,['ğŸ‘']
Applause ğŸ‘ Dashen Bank. One of the best super app inorder to pay easily and securely. One step a head.,5,2025-01-14,Dashen Bank,Google Play,True,['ğŸ‘']
"Simple, Fast and Easy â­â­â­ğŸ‰",4,2025-02-10,Dashen Bank,Google Play,True,"['â­', 'â­', 'â­', 'ğŸ‰']"
"All in one, that is it ğŸ‘Œ",5,2025-04-21,Dashen Bank,Google Play,True,['ğŸ‘Œ']
Better Move to catch the competition upğŸ‘,5,2025-01-16,Dashen Bank,Google Play,True,['ğŸ‘']
Excellent UI/UX and beyond Banking servicesğŸ‘ğŸ‘,5,2025-01-30,Dashen Bank,Google Play,True,"['ğŸ‘', 'ğŸ‘']"
"Good actually , but it have to WORK when developer option is on ğŸ™",5,2025-04-21,Dashen Bank,Google Play,True,['ğŸ™']
why dashen bank workers hidden my ATM Card ğŸ§?it's a big problem to me,5,2025-04-04,Dashen Bank,Google Play,True,['ğŸ§']
Wow Dashen Super App ğŸš€ğŸš€,5,2025-01-14,Dashen Bank,Google Play,True,"['ğŸš€', 'ğŸš€']"
Wly Super App ilove it â¤ï¸ ğŸ˜ ğŸ’– ğŸ’•,5,2025-01-18,Dashen Bank,Google Play,True,"['â¤', 'ğŸ˜', 'ğŸ’–', 'ğŸ’•']"
Proud to be dashen family . Shout out to the serial entrepreneur ğŸ‘,5,2025-01-16,Dashen Bank,Google Play,True,['ğŸ‘']
It's Best waww ğŸ™,5,2025-01-13,Dashen Bank,Google Play,True,['ğŸ™']
super ğŸ˜,5,2025-05-13,Dashen Bank,Google Play,True,['ğŸ˜']
ğŸ‘ğŸ‘ğŸ‘,5,2025-05-28,Dashen Bank,Google Play,True,"['ğŸ‘', 'ğŸ‘', 'ğŸ‘']"
Is really ğŸ’€,2,2025-04-08,Dashen Bank,Google Play,True,['ğŸ’€']
Wonderful Application ğŸ˜,5,2025-02-05,Dashen Bank,Google Play,True,['ğŸ˜']
best ğŸ‘ğŸ‘,5,2025-02-16,Dashen Bank,Google Play,True,"['ğŸ‘', 'ğŸ‘']"
Amazing app ğŸ‘ ğŸ‘Œ Dashen bank one step a head,5,2025-01-15,Dashen Bank,Google Play,True,"['ğŸ‘', 'ğŸ‘Œ']"
áˆµáˆ á‰¥á‰» ğŸ˜,2,2025-01-21,Dashen Bank,Google Play,True,['ğŸ˜']
First ATM in East africa â­ï¸â­ï¸â­ï¸â­ï¸â­ï¸,5,2025-01-16,Dashen Bank,Google Play,True,"['â­', 'â­', 'â­', 'â­', 'â­']"
Amizing Application ğŸ˜,5,2025-01-22,Dashen Bank,Google Play,True,['ğŸ˜']
V good â—ï¸,5,2025-01-24,Dashen Bank,Google Play,True,['â—']
ğŸ‘,5,2025-05-14,Dashen Bank,Google Play,True,['ğŸ‘']
